date,open_price,high_price,low_price,close_price,volume,dividend,split
2014-11-13,18.55,20.38,18.47,19.62,6182450,0.0,1.0
2014-11-14,19.55,20.9,19.55,20.22,719981,0.0,1.0
2014-11-17,20.6,20.6,19.1,20.54,546242,0.0,1.0
2014-11-18,20.1,20.65,20.01,20.35,734483,0.0,1.0
2014-11-19,20.05,20.79,20.05,20.39,118832,0.0,1.0
2014-11-20,21.13,21.13,20.16,20.67,175601,0.0,1.0
2014-11-21,20.4,21.69,20.4,21.52,142526,0.0,1.0
2014-11-24,21.53,22.94,21.52,22.5,469769,0.0,1.0
2014-11-25,22.8,22.9,21.06,22.49,100264,0.0,1.0
2014-11-26,22.72,22.93,21.58,21.99,101251,0.0,1.0
2014-11-28,21.53,22.2,20.84,21.84,110619,0.0,1.0
2014-12-01,21.28,21.63,21.01,21.27,216151,0.0,1.0
2014-12-02,21.25,22.1,21.25,21.79,597555,0.0,1.0
2014-12-03,21.68,22.22,21.58,22.08,325335,0.0,1.0
2014-12-04,21.92,22.21,21.59,21.82,213802,0.0,1.0
2014-12-05,22.0,22.2,21.55,22.06,372817,0.0,1.0
2014-12-08,21.93,22.2,21.53,21.92,286643,0.0,1.0
2014-12-09,22.02,22.48,21.5,22.15,245249,0.0,1.0
2014-12-10,22.04,22.83,21.8,22.15,183147,0.0,1.0
2014-12-11,22.2,23.55,22.2,22.53,323365,0.0,1.0
2014-12-12,22.38,23.1,22.27,22.71,325143,0.0,1.0
2014-12-15,22.76,23.97,22.0,22.99,243917,0.0,1.0
2014-12-16,22.69,25.45,22.12,23.65,486666,0.0,1.0
2014-12-17,23.73,24.58,22.62,24.09,521692,0.0,1.0
2014-12-18,24.27,24.74,23.47,23.8,296447,0.0,1.0
2014-12-19,23.81,24.24,22.93,24.0,2771721,0.0,1.0
2014-12-22,24.16,24.92,23.31,24.65,259080,0.0,1.0
2014-12-23,24.76,25.88,23.69,25.5,185645,0.0,1.0
2014-12-24,25.5,26.97,25.03,25.12,105945,0.0,1.0
2014-12-26,25.26,26.13,24.2,24.39,67551,0.0,1.0
2014-12-29,24.44,25.56,24.44,24.73,108795,0.0,1.0
2014-12-30,24.8,25.14,23.51,23.96,424207,0.0,1.0
2014-12-31,24.08,24.89,24.08,24.22,92363,0.0,1.0
2015-01-02,24.45,24.76,23.48,23.52,123009,0.0,1.0
2015-01-05,23.33,23.79,22.65,23.75,250572,0.0,1.0
2015-01-06,23.78,23.78,22.4,22.72,300564,0.0,1.0
2015-01-07,22.85,23.41,22.4,22.96,344246,0.0,1.0
2015-01-08,23.15,26.28,23.15,25.54,478372,0.0,1.0
2015-01-09,25.65,25.92,25.18,25.42,136830,0.0,1.0
2015-01-12,25.46,25.71,24.89,25.34,69805,0.0,1.0
2015-01-13,25.38,26.02,24.72,25.91,256222,0.0,1.0
2015-01-14,25.7,26.14,25.15,26.04,82292,0.0,1.0
2015-01-15,25.93,26.1,24.62,25.11,269422,0.0,1.0
2015-01-16,25.01,25.28,24.26,25.02,134545,0.0,1.0
2015-01-20,25.09,25.09,23.65,24.55,96999,0.0,1.0
2015-01-21,24.33,25.92,23.82,25.35,221355,0.0,1.0
2015-01-22,25.53,28.15,25.25,27.25,568023,0.0,1.0
2015-01-23,27.32,27.44,25.74,26.12,133892,0.0,1.0
2015-01-26,26.18,26.83,24.66,26.19,122285,0.0,1.0
2015-01-27,25.81,27.32,25.48,27.2,141711,0.0,1.0
2015-01-28,27.42,27.42,25.96,26.13,105583,0.0,1.0
2015-01-29,26.09,27.29,25.59,27.22,111614,0.0,1.0
2015-01-30,26.91,27.61,25.85,26.13,126133,0.0,1.0
2015-02-02,26.12,27.45,26.01,27.12,144140,0.0,1.0
2015-02-03,27.15,27.49,26.7,26.93,127573,0.0,1.0
2015-02-04,26.85,27.44,26.85,27.24,157242,0.0,1.0
2015-02-05,27.28,28.11,27.24,27.7,291512,0.0,1.0
2015-02-06,27.82,28.0,27.3,27.6,177245,0.0,1.0
2015-02-09,27.57,27.77,26.6,26.69,86445,0.0,1.0
2015-02-10,26.79,27.29,26.42,26.53,160867,0.0,1.0
2015-02-11,26.4,27.03,26.21,26.92,125240,0.0,1.0
2015-02-12,27.08,27.51,26.7,26.88,152006,0.0,1.0
2015-02-13,26.98,27.66,26.98,27.19,82094,0.0,1.0
2015-02-17,27.26,27.76,27.18,27.47,118213,0.0,1.0
2015-02-18,27.5,28.12,27.18,27.84,234117,0.0,1.0
2015-02-19,28.12,29.52,27.9,28.04,159753,0.0,1.0
2015-02-20,28.12,28.77,27.65,28.08,187137,0.0,1.0
2015-02-23,28.42,29.11,27.91,28.65,255785,0.0,1.0
2015-02-24,28.75,29.79,28.51,29.23,273722,0.0,1.0
2015-02-25,29.36,31.18,28.95,31.07,158165,0.0,1.0
2015-02-26,31.12,31.99,30.81,31.49,190532,0.0,1.0
2015-02-27,31.46,31.93,31.09,31.52,175460,0.0,1.0
2015-03-02,31.65,31.9,31.1,31.5,166231,0.0,1.0
2015-03-03,31.48,31.5,30.38,30.42,198785,0.0,1.0
2015-03-04,30.27,30.77,29.72,30.5,127429,0.0,1.0
2015-03-05,30.44,31.17,30.24,30.85,152663,0.0,1.0
2015-03-06,30.59,30.94,30.04,30.32,159322,0.0,1.0
2015-03-09,30.47,30.67,29.91,30.16,180518,0.0,1.0
2015-03-10,29.88,30.75,29.77,29.89,455605,0.0,1.0
2015-03-11,30.02,30.66,29.57,29.88,359210,0.0,1.0
2015-03-12,30.09,30.64,30.09,30.49,256310,0.0,1.0
2015-03-13,30.39,31.12,29.85,29.94,228172,0.0,1.0
2015-03-16,29.93,30.61,29.87,30.3,263153,0.0,1.0
2015-03-17,30.12,30.79,30.12,30.41,219435,0.0,1.0
2015-03-18,30.32,30.65,30.04,30.42,241716,0.0,1.0
2015-03-19,30.25,31.08,30.11,30.88,336339,0.0,1.0
2015-03-20,30.86,31.63,29.26,29.66,1145611,0.0,1.0
2015-03-23,29.64,29.87,29.05,29.59,207808,0.0,1.0
2015-03-24,29.46,30.15,29.21,29.75,112124,0.0,1.0
2015-03-25,29.75,29.79,28.83,29.41,120834,0.0,1.0
2015-03-26,29.25,29.7,27.61,28.88,290674,0.0,1.0
2015-03-27,28.87,29.28,28.51,28.71,69205,0.0,1.0
2015-03-30,28.77,29.37,28.69,29.04,90835,0.0,1.0
2015-03-31,28.99,29.28,28.65,28.84,82033,0.0,1.0
2015-04-01,28.71,29.09,28.11,28.99,118195,0.0,1.0
2015-04-02,29.11,29.27,27.94,28.12,114115,0.0,1.0
2015-04-06,28.02,29.27,28.02,28.99,94222,0.0,1.0
2015-04-07,29.06,29.25,28.62,28.66,94318,0.0,1.0
2015-04-08,28.57,29.93,28.43,29.75,224432,0.0,1.0
2015-04-09,29.69,29.88,28.51,29.64,91981,0.0,1.0
2015-04-10,29.76,30.32,29.37,30.27,139853,0.0,1.0
2015-04-13,29.99,30.64,29.98,30.43,149537,0.0,1.0
2015-04-14,30.37,30.37,29.21,29.22,168531,0.0,1.0
2015-04-15,29.25,29.63,28.74,28.99,74583,0.0,1.0
2015-04-16,29.02,29.39,27.94,28.17,53574,0.0,1.0
2015-04-17,27.95,28.53,27.15,27.58,92330,0.0,1.0
2015-04-20,27.69,27.96,26.91,27.76,194428,0.0,1.0
2015-04-21,27.73,27.8,27.04,27.48,144979,0.0,1.0
2015-04-22,27.41,28.31,26.93,27.9,136360,0.0,1.0
2015-04-23,27.95,28.45,27.25,28.28,110112,0.0,1.0
2015-04-24,28.38,28.38,27.63,27.75,50333,0.0,1.0
2015-04-27,27.92,28.16,27.03,27.27,141098,0.0,1.0
2015-04-28,27.36,28.67,27.06,28.53,191503,0.0,1.0
2015-04-29,28.38,29.46,27.78,29.11,127788,0.0,1.0
2015-04-30,29.0,29.23,28.11,28.48,197151,0.0,1.0
2015-05-01,28.5,28.96,28.28,28.77,375392,0.0,1.0
2015-05-04,28.73,29.5,28.66,29.36,95648,0.0,1.0
2015-05-05,29.36,30.0,28.61,29.07,211452,0.0,1.0
2015-05-06,29.26,29.68,28.8,29.0,391935,0.0,1.0
2015-05-07,31.2,32.46,28.58,28.86,754319,0.0,1.0
2015-05-08,29.2,29.75,28.37,29.23,320976,0.0,1.0
2015-05-11,29.34,30.18,29.34,29.4,253904,0.0,1.0
2015-05-12,29.4,30.79,29.27,30.13,213055,0.0,1.0
2015-05-13,30.34,30.52,29.3,29.56,191868,0.0,1.0
2015-05-14,29.8,30.49,29.35,30.44,261983,0.0,1.0
2015-05-15,30.49,31.5,30.21,31.19,254575,0.0,1.0
2015-05-18,31.0,32.3,30.57,32.1,345432,0.0,1.0
2015-05-19,32.15,32.22,31.48,32.05,139137,0.0,1.0
2015-05-20,32.22,33.02,31.65,32.61,247816,0.0,1.0
2015-05-21,32.69,32.74,31.75,32.38,183944,0.0,1.0
2015-05-22,32.42,32.63,32.02,32.37,205751,0.0,1.0
2015-05-26,32.5,32.85,32.18,32.3,245544,0.0,1.0
2015-05-27,32.56,32.74,32.11,32.73,269156,0.0,1.0
2015-05-28,32.75,33.01,32.5,32.73,284019,0.0,1.0
2015-05-29,32.84,33.96,32.71,33.46,539746,0.0,1.0
2015-06-01,33.95,35.0,33.31,33.52,219474,0.0,1.0
2015-06-02,33.49,34.09,33.32,33.8,226449,0.0,1.0
2015-06-03,33.77,34.43,33.31,33.77,156627,0.0,1.0
2015-06-04,33.7,34.15,33.55,33.72,167956,0.0,1.0
2015-06-05,33.77,34.23,33.33,33.97,167680,0.0,1.0
2015-06-08,33.81,34.3,33.66,34.04,210684,0.0,1.0
2015-06-09,33.91,34.81,33.78,34.81,206886,0.0,1.0
2015-06-10,34.86,36.0,34.79,35.7,201451,0.0,1.0
2015-06-11,35.92,36.01,35.01,35.28,150982,0.0,1.0
2015-06-12,35.23,35.32,34.8,34.92,117868,0.0,1.0
2015-06-15,34.78,35.04,34.48,34.91,155952,0.0,1.0
2015-06-16,34.95,35.26,34.65,35.08,166736,0.0,1.0
2015-06-17,35.3,35.67,35.11,35.45,177333,0.0,1.0
2015-06-18,35.67,36.15,35.52,35.88,274224,0.0,1.0
2015-06-19,36.0,36.13,35.36,36.0,252061,0.0,1.0
2015-06-22,36.44,37.41,36.44,36.6,147278,0.0,1.0
2015-06-23,36.6,36.65,36.26,36.62,96928,0.0,1.0
2015-06-24,36.6,36.6,35.69,35.86,56421,0.0,1.0
2015-06-25,36.11,36.25,35.53,35.77,53473,0.0,1.0
2015-06-26,35.95,36.07,35.42,36.07,274239,0.0,1.0
2015-06-29,35.5,35.84,35.02,35.5,134998,0.0,1.0
2015-06-30,35.91,36.55,35.33,36.33,149408,0.0,1.0
2015-07-01,36.5,36.5,35.76,36.06,106475,0.0,1.0
2015-07-02,36.15,36.49,35.22,35.95,100415,0.0,1.0
2015-07-06,35.84,36.35,35.63,36.05,119098,0.0,1.0
2015-07-07,36.19,36.38,35.74,36.05,117958,0.0,1.0
2015-07-08,35.59,36.51,35.59,35.98,91825,0.0,1.0
2015-07-09,36.44,36.81,35.93,36.13,98485,0.0,1.0
2015-07-10,36.5,37.75,36.5,37.73,119442,0.0,1.0
2015-07-13,37.87,38.51,36.92,38.35,129375,0.0,1.0
2015-07-14,38.19,38.57,37.94,38.52,68301,0.0,1.0
2015-07-15,38.51,39.89,38.17,39.38,153495,0.0,1.0
2015-07-16,39.74,40.03,39.14,39.44,85474,0.0,1.0
2015-07-17,39.6,39.6,39.04,39.54,68968,0.0,1.0
2015-07-20,39.42,40.16,39.09,39.69,152973,0.0,1.0
2015-07-21,39.59,39.91,39.18,39.55,166438,0.0,1.0
2015-07-22,39.65,40.6,39.53,40.14,92641,0.0,1.0
2015-07-23,40.35,40.61,39.81,40.04,115209,0.0,1.0
2015-07-24,39.94,39.94,38.5,38.97,671832,0.0,1.0
2015-07-27,38.59,40.97,38.43,40.61,189932,0.0,1.0
2015-07-28,41.26,44.02,40.96,41.74,227591,0.0,1.0
2015-07-29,41.81,43.62,41.55,41.83,115853,0.0,1.0
2015-07-30,41.9,42.27,41.06,42.12,132021,0.0,1.0
2015-07-31,42.18,42.75,41.83,41.99,138770,0.0,1.0
2015-08-03,41.92,43.07,41.54,42.22,219504,0.0,1.0
2015-08-04,42.32,43.33,42.03,42.78,173373,0.0,1.0
2015-08-05,43.15,43.15,41.85,42.82,211779,0.0,1.0
2015-08-06,42.75,43.23,41.81,42.09,185409,0.0,1.0
2015-08-07,42.07,42.83,41.78,42.79,169856,0.0,1.0
2015-08-10,43.16,43.44,41.7,42.1,154966,0.0,1.0
2015-08-11,42.1,42.22,41.44,42.01,131517,0.0,1.0
2015-08-12,41.85,41.85,40.48,40.87,270791,0.0,1.0
2015-08-13,40.8,41.32,40.05,40.6,226737,0.0,1.0
2015-08-14,40.41,41.14,40.41,41.12,57527,0.0,1.0
2015-08-17,40.88,41.91,40.81,41.89,86797,0.0,1.0
2015-08-18,41.94,42.73,41.94,42.44,110376,0.0,1.0
2015-08-19,42.3,42.3,41.24,41.29,280122,0.0,1.0
2015-08-20,41.0,41.15,38.44,38.69,321939,0.0,1.0
2015-08-21,38.06,40.07,38.01,39.24,329830,0.0,1.0
2015-08-24,37.21,38.54,33.74,35.22,290664,0.0,1.0
2015-08-25,36.47,37.34,36.47,37.03,226831,0.0,1.0
2015-08-26,37.9,37.99,35.7,37.04,194513,0.0,1.0
2015-08-27,37.39,37.75,37.17,37.48,146079,0.0,1.0
2015-08-28,37.28,38.35,37.28,37.75,115185,0.0,1.0
2015-08-31,37.69,37.86,37.29,37.63,122072,0.0,1.0
2015-09-01,37.0,37.38,36.86,37.26,216206,0.0,1.0
2015-09-02,37.75,38.69,37.13,38.57,210945,0.0,1.0
2015-09-03,38.56,39.41,38.56,38.87,123788,0.0,1.0
2015-09-04,38.42,39.05,38.42,38.65,79694,0.0,1.0
2015-09-08,39.31,39.82,39.01,39.72,76040,0.0,1.0
2015-09-09,39.88,40.05,39.76,39.85,126872,0.0,1.0
2015-09-10,39.79,39.96,39.23,39.44,183730,0.0,1.0
2015-09-11,39.14,41.38,39.06,40.75,118179,0.0,1.0
2015-09-14,40.83,42.18,40.75,41.89,128682,0.0,1.0
2015-09-15,42.03,43.46,42.03,43.05,168384,0.0,1.0
2015-09-16,43.11,43.81,42.55,43.64,151305,0.0,1.0
2015-09-17,43.82,46.35,43.33,45.44,347185,0.0,1.0
2015-09-18,44.85,45.34,44.25,45.12,318495,0.0,1.0
2015-09-21,45.43,45.69,43.41,44.15,202116,0.0,1.0
2015-09-22,43.59,44.44,42.58,43.68,148143,0.0,1.0
2015-09-23,43.68,43.77,41.54,42.0,356911,0.0,1.0
2015-09-24,41.89,43.28,41.89,42.72,294368,0.0,1.0
2015-09-25,43.19,43.26,40.8,41.4,466541,0.0,1.0
2015-09-28,41.16,41.38,37.8,38.18,566514,0.0,1.0
2015-09-29,38.16,39.12,37.62,38.24,194769,0.0,1.0
2015-09-30,38.71,39.29,37.85,38.83,383691,0.0,1.0
2015-10-01,38.73,39.14,37.26,38.86,289112,0.0,1.0
2015-10-02,38.55,39.62,37.71,39.54,129525,0.0,1.0
2015-10-05,40.14,41.85,38.07,38.7,197649,0.0,1.0
2015-10-06,38.55,39.03,37.68,38.0,347148,0.0,1.0
2015-10-07,38.03,39.04,37.28,38.99,135150,0.0,1.0
2015-10-08,38.84,39.0,38.13,38.45,128089,0.0,1.0
2015-10-09,38.55,39.37,38.38,38.73,137961,0.0,1.0
2015-10-12,38.88,39.4,38.4,39.16,136641,0.0,1.0
2015-10-13,38.85,39.6,38.49,38.57,144625,0.0,1.0
2015-10-14,38.92,39.6,37.4,38.14,170770,0.0,1.0
2015-10-15,38.12,39.38,37.97,39.31,240093,0.0,1.0
2015-10-16,39.47,40.44,39.32,39.94,359404,0.0,1.0
2015-10-19,39.87,41.48,39.71,41.39,135769,0.0,1.0
2015-10-20,41.37,41.94,40.62,41.11,140116,0.0,1.0
2015-10-21,41.13,41.13,36.95,37.79,457725,0.0,1.0
2015-10-22,37.82,38.09,33.0,33.98,590753,0.0,1.0
2015-10-23,34.21,35.78,33.94,35.3,184841,0.0,1.0
2015-10-26,35.38,35.5,34.21,34.62,170026,0.0,1.0
2015-10-27,34.51,35.4,34.08,34.62,321509,0.0,1.0
2015-10-28,34.62,36.45,34.25,36.31,209034,0.0,1.0
2015-10-29,36.0,36.96,35.13,35.18,143440,0.0,1.0
2015-10-30,35.11,35.42,33.94,35.04,289300,0.0,1.0
2015-11-02,35.13,39.44,35.09,37.75,331022,0.0,1.0
2015-11-03,38.35,42.54,38.35,41.31,472978,0.0,1.0
2015-11-04,40.15,41.53,38.19,40.75,318785,0.0,1.0
2015-11-05,40.92,42.0,40.67,41.39,209367,0.0,1.0
2015-11-06,41.35,41.98,40.86,41.4,359125,0.0,1.0
2015-11-09,41.25,42.55,40.08,41.9,184547,0.0,1.0
2015-11-10,41.69,43.84,41.69,43.48,166213,0.0,1.0
2015-11-11,43.66,44.39,42.43,42.5,169758,0.0,1.0
2015-11-12,42.19,42.48,40.41,41.87,114573,0.0,1.0
2015-11-13,41.74,42.68,41.69,42.0,114077,0.0,1.0
2015-11-16,41.84,42.63,41.31,41.75,130635,0.0,1.0
2015-11-17,41.14,44.02,41.0,43.13,363198,0.0,1.0
2015-11-18,43.17,43.9,41.95,42.45,202141,0.0,1.0
2015-11-19,42.27,42.73,40.61,41.14,220944,0.0,1.0
2015-11-20,41.44,43.09,41.04,42.96,167423,0.0,1.0
2015-11-23,43.16,44.61,42.9,43.18,193874,0.0,1.0
2015-11-24,43.0,44.59,41.52,43.98,205670,0.0,1.0
2015-11-25,43.87,44.47,43.38,44.28,85647,0.0,1.0
2015-11-27,44.23,46.41,44.1,45.94,126074,0.0,1.0
2015-11-30,46.13,46.14,44.42,45.28,228451,0.0,1.0
2015-12-01,45.34,46.31,44.93,45.48,169442,0.0,1.0
2015-12-02,45.4,46.22,42.91,43.44,260704,0.0,1.0
2015-12-03,43.86,43.9,41.73,42.14,281185,0.0,1.0
2015-12-04,42.08,43.89,41.76,43.76,178809,0.0,1.0
2015-12-07,43.56,43.56,41.82,42.68,120271,0.0,1.0
2015-12-08,42.52,45.4,42.5,44.81,234790,0.0,1.0
2015-12-09,44.81,45.15,42.5,43.23,179156,0.0,1.0
2015-12-10,43.1,43.86,42.68,43.42,151189,0.0,1.0
2015-12-11,42.65,45.66,42.65,44.5,309278,0.0,1.0
2015-12-14,44.79,47.23,43.57,46.71,418250,0.0,1.0
2015-12-15,47.17,48.13,46.31,46.68,343256,0.0,1.0
2015-12-16,47.0,47.62,46.41,46.82,302427,0.0,1.0
2015-12-17,47.22,48.41,46.61,47.95,527472,0.0,1.0
2015-12-18,47.85,49.0,47.38,47.63,1846032,0.0,1.0
2015-12-21,48.04,49.34,47.15,47.45,209101,0.0,1.0
2015-12-22,47.68,47.69,45.5,46.96,179664,0.0,1.0
2015-12-23,47.49,48.67,46.98,47.6,126430,0.0,1.0
2015-12-24,47.85,48.16,46.97,47.72,50200,0.0,1.0
2015-12-28,47.45,49.77,47.08,49.24,586339,0.0,1.0
2015-12-29,49.67,50.25,47.38,47.95,311376,0.0,1.0
2015-12-30,47.97,48.56,46.9,47.22,182429,0.0,1.0
2015-12-31,47.0,47.88,44.83,45.27,357215,0.0,1.0
2016-01-04,44.06,44.37,43.1,44.11,367039,0.0,1.0
2016-01-05,44.11,44.96,43.91,43.99,307854,0.0,1.0
2016-01-06,43.4,47.53,43.13,45.52,436869,0.0,1.0
2016-01-07,44.36,44.86,43.49,44.04,168124,0.0,1.0
2016-01-08,44.11,46.11,44.08,45.15,339138,0.0,1.0
2016-01-11,45.5,45.96,41.96,42.84,378413,0.0,1.0
2016-01-12,42.85,44.93,42.85,44.31,337893,0.0,1.0
2016-01-13,44.48,45.13,41.31,41.66,247883,0.0,1.0
2016-01-14,41.83,44.41,41.06,43.73,254787,0.0,1.0
2016-01-15,42.45,44.61,42.1,44.57,413144,0.0,1.0
2016-01-19,45.08,45.72,43.71,43.9,363947,0.0,1.0
2016-01-20,43.35,44.91,42.23,44.43,440717,0.0,1.0
2016-01-21,44.48,44.81,43.67,44.0,455479,0.0,1.0
2016-01-22,44.88,46.94,43.49,46.91,330972,0.0,1.0
2016-01-25,46.74,47.84,45.66,46.03,240510,0.0,1.0
2016-01-26,46.16,46.61,44.36,46.51,230788,0.0,1.0
2016-01-27,46.22,46.93,44.58,44.77,222204,0.0,1.0
2016-01-28,45.11,45.21,42.48,42.98,380865,0.0,1.0
2016-01-29,43.45,43.53,42.52,43.08,319332,0.0,1.0
2016-02-01,42.5,43.82,42.23,43.61,397587,0.0,1.0
2016-02-02,42.99,44.22,41.7,42.78,243989,0.0,1.0
2016-02-03,42.93,44.21,40.03,41.55,405687,0.0,1.0
2016-02-04,41.63,42.93,41.1,41.26,181348,0.0,1.0
2016-02-05,41.12,41.38,38.82,38.85,257994,0.0,1.0
2016-02-08,38.3,39.09,36.19,38.68,294799,0.0,1.0
2016-02-09,38.0,39.24,36.04,38.56,501146,0.0,1.0
2016-02-10,38.86,39.77,37.71,37.83,338949,0.0,1.0
2016-02-11,37.12,38.87,35.6,37.77,276803,0.0,1.0
2016-02-12,38.09,38.46,36.53,37.92,276928,0.0,1.0
2016-02-16,38.5,41.57,38.32,39.8,214274,0.0,1.0
2016-02-17,39.94,41.51,39.39,39.73,222883,0.0,1.0
2016-02-18,39.95,40.53,38.81,39.1,149734,0.0,1.0
2016-02-19,39.04,40.41,38.23,40.15,143807,0.0,1.0
2016-02-22,40.58,41.7,39.8,40.9,222708,0.0,1.0
2016-02-23,41.09,41.56,40.33,40.87,224275,0.0,1.0
2016-02-24,40.44,43.38,39.92,42.78,308211,0.0,1.0
2016-02-25,46.99,47.62,41.63,42.63,917830,0.0,1.0
2016-02-26,43.23,44.09,42.59,43.97,563706,0.0,1.0
2016-02-29,43.92,44.33,43.06,43.17,363522,0.0,1.0
2016-03-01,43.92,45.21,42.81,45.17,359746,0.0,1.0
2016-03-02,45.21,46.98,44.41,44.67,279515,0.0,1.0
2016-03-03,41.59,42.04,40.43,41.45,1995263,0.0,1.0
2016-03-04,41.68,42.23,40.84,41.79,744017,0.0,1.0
2016-03-07,42.03,43.0,41.69,42.86,590714,0.0,1.0
2016-03-08,42.66,42.78,41.79,42.04,621617,0.0,1.0
2016-03-09,42.38,42.38,41.66,42.14,583095,0.0,1.0
2016-03-10,42.18,42.59,41.3,41.7,337162,0.0,1.0
2016-03-11,41.99,42.19,41.25,41.91,1009300,0.0,1.0
2016-03-14,41.91,42.88,41.91,42.18,450090,0.0,1.0
2016-03-15,41.82,41.98,40.48,40.59,298394,0.0,1.0
2016-03-16,40.62,42.24,40.06,40.65,383135,0.0,1.0
2016-03-17,40.82,41.33,39.95,40.76,655803,0.0,1.0
2016-03-18,40.96,41.83,39.6,41.04,661292,0.0,1.0
2016-03-21,40.85,41.26,40.38,41.0,254338,0.0,1.0
2016-03-22,40.73,41.36,40.73,41.2,271484,0.0,1.0
2016-03-23,41.2,41.83,40.87,40.9,279560,0.0,1.0
2016-03-24,40.37,41.31,40.32,41.01,201125,0.0,1.0
2016-03-28,41.81,42.67,41.04,41.63,600700,0.0,1.0
2016-03-29,41.46,43.0,41.33,42.98,723658,0.0,1.0
2016-03-30,43.23,43.7,42.36,42.55,258598,0.0,1.0
2016-03-31,42.86,43.43,42.43,42.76,365149,0.0,1.0
2016-04-01,42.62,44.0,42.21,43.99,377121,0.0,1.0
2016-04-04,44.0,45.76,43.99,45.05,371926,0.0,1.0
2016-04-05,44.85,45.55,44.44,45.11,239428,0.0,1.0
2016-04-06,45.24,46.85,45.19,46.78,253158,0.0,1.0
2016-04-07,46.26,47.09,45.42,47.02,401531,0.0,1.0
2016-04-08,47.08,47.21,45.83,46.54,382417,0.0,1.0
2016-04-11,46.98,46.98,45.86,46.65,300825,0.0,1.0
2016-04-12,46.4,48.15,46.36,47.29,268078,0.0,1.0
2016-04-13,47.53,48.5,47.02,48.2,241701,0.0,1.0
2016-04-14,48.2,48.87,47.64,48.05,367222,0.0,1.0
2016-04-15,47.91,48.4,47.75,48.38,370841,0.0,1.0
2016-04-18,48.17,50.0,48.16,49.26,380297,0.0,1.0
2016-04-19,49.2,49.42,48.46,48.71,294242,0.0,1.0
2016-04-20,48.71,49.33,48.3,49.04,184304,0.0,1.0
2016-04-21,49.1,49.95,48.82,49.53,233655,0.0,1.0
2016-04-22,49.51,49.93,48.54,49.52,246500,0.0,1.0
2016-04-25,49.65,51.35,49.53,50.18,310474,0.0,1.0
2016-04-26,50.82,51.06,49.0,49.81,377678,0.0,1.0
2016-04-27,49.78,51.07,48.8,49.58,398021,0.0,1.0
2016-04-28,48.1,49.15,43.92,48.62,864712,0.0,1.0
2016-04-29,48.12,49.0,47.37,47.45,496332,0.0,1.0
2016-05-02,47.54,49.24,47.54,48.9,751678,0.0,1.0
2016-05-03,45.74,45.79,43.62,44.64,3688779,0.0,1.0
2016-05-04,45.03,45.74,44.1,44.12,1005632,0.0,1.0
2016-05-05,44.58,46.4,44.14,45.57,1029194,0.0,1.0
2016-05-06,45.22,46.19,45.22,45.74,446286,0.0,1.0
2016-05-09,45.72,46.89,45.72,46.58,725438,0.0,1.0
2016-05-10,46.49,46.89,45.77,46.5,415526,0.0,1.0
2016-05-11,46.24,47.08,45.64,45.71,468420,0.0,1.0
2016-05-12,44.86,46.33,44.86,45.3,495153,0.0,1.0
2016-05-13,45.33,46.57,45.33,45.87,863025,0.0,1.0
2016-05-16,46.17,46.74,45.68,46.13,628755,0.0,1.0
2016-05-17,45.92,46.75,45.66,45.75,414985,0.0,1.0
2016-05-18,45.69,46.64,45.5,46.41,385362,0.0,1.0
2016-05-19,46.12,46.7,45.53,45.94,229754,0.0,1.0
2016-05-20,46.31,46.7,45.7,45.91,396221,0.0,1.0
2016-05-23,46.09,46.44,45.5,46.32,534287,0.0,1.0
2016-05-24,46.5,46.94,46.12,46.72,350617,0.0,1.0
2016-05-25,46.74,47.28,46.36,47.13,542601,0.0,1.0
2016-05-26,46.87,47.43,46.5,47.02,213384,0.0,1.0
2016-05-27,47.49,47.68,46.55,47.34,294085,0.0,1.0
2016-05-31,47.45,47.8,46.77,47.23,394375,0.0,1.0
2016-06-01,47.23,47.9,46.84,47.4,421862,0.0,1.0
2016-06-02,47.3,48.0,47.28,47.51,409442,0.0,1.0
2016-06-03,47.57,47.97,47.18,47.39,250638,0.0,1.0
2016-06-06,47.4,47.79,46.55,46.95,269636,0.0,1.0
2016-06-07,46.97,47.34,46.71,47.16,434167,0.0,1.0
2016-06-08,47.21,47.52,46.61,47.21,474253,0.0,1.0
2016-06-09,47.19,47.38,46.49,46.51,477671,0.0,1.0
2016-06-10,46.35,46.36,45.19,45.23,328604,0.0,1.0
2016-06-13,46.47,46.47,44.53,44.89,515682,0.0,1.0
2016-06-14,44.49,44.92,44.14,44.53,450298,0.0,1.0
2016-06-15,44.77,45.1,44.16,44.22,336749,0.0,1.0
2016-06-16,44.04,44.44,43.3,43.9,303947,0.0,1.0
2016-06-17,43.9,44.4,41.77,41.9,687734,0.0,1.0
2016-06-20,42.17,43.3,42.17,42.73,300019,0.0,1.0
2016-06-21,42.48,43.22,42.18,42.48,440034,0.0,1.0
2016-06-22,42.57,43.75,42.26,42.91,371718,0.0,1.0
2016-06-23,42.8,43.93,42.76,43.89,482982,0.0,1.0
2016-06-24,41.79,43.14,41.0,42.01,1139205,0.0,1.0
2016-06-27,41.48,41.86,39.52,39.74,516999,0.0,1.0
2016-06-28,39.93,41.45,39.93,41.0,360915,0.0,1.0
2016-06-29,41.37,41.83,41.05,41.62,464201,0.0,1.0
2016-06-30,41.75,42.35,40.85,41.76,566748,0.0,1.0
2016-07-01,41.63,42.14,40.77,41.41,262039,0.0,1.0
2016-07-05,41.24,41.71,39.25,40.67,282625,0.0,1.0
2016-07-06,40.42,41.35,40.42,41.15,288736,0.0,1.0
2016-07-07,41.33,41.54,40.41,41.15,432572,0.0,1.0
2016-07-08,41.4,42.73,41.16,42.52,397890,0.0,1.0
2016-07-11,42.65,43.19,42.62,42.97,255874,0.0,1.0
2016-07-12,43.23,43.59,42.98,43.37,237556,0.0,1.0
2016-07-13,43.43,43.83,43.04,43.27,344857,0.0,1.0
2016-07-14,43.44,44.32,43.0,44.23,386235,0.0,1.0
2016-07-15,44.45,44.55,43.77,44.12,257427,0.0,1.0
2016-07-18,44.19,44.72,44.04,44.56,137245,0.0,1.0
2016-07-19,44.19,44.62,43.74,43.79,201031,0.0,1.0
2016-07-20,44.1,44.93,41.01,44.64,412758,0.0,1.0
2016-07-21,44.65,44.77,44.1,44.3,175459,0.0,1.0
2016-07-22,44.54,44.67,44.13,44.22,191696,0.0,1.0
2016-07-25,44.12,44.12,42.93,43.34,236174,0.0,1.0
2016-07-26,43.21,43.7,41.41,43.34,329724,0.0,1.0
2016-07-27,43.5,43.87,43.08,43.63,332793,0.0,1.0
2016-07-28,43.66,44.14,43.61,43.88,499449,0.0,1.0
2016-07-29,45.22,47.24,43.41,46.38,2233187,0.0,1.0
2016-08-01,47.03,47.49,45.8,47.08,1060438,0.0,1.0
2016-08-02,47.11,47.44,46.21,46.9,541148,0.0,1.0
2016-08-03,46.93,48.74,46.52,48.25,732419,0.0,1.0
2016-08-04,48.14,49.83,47.95,49.13,554655,0.0,1.0
2016-08-05,49.35,49.96,49.13,49.42,331247,0.0,1.0
2016-08-08,49.58,49.79,48.36,48.54,471277,0.0,1.0
2016-08-09,48.74,48.99,48.55,48.59,482060,0.0,1.0
2016-08-10,48.54,48.73,48.03,48.62,303514,0.0,1.0
2016-08-11,48.68,48.97,48.54,48.84,388525,0.0,1.0
2016-08-12,48.81,49.41,48.66,49.25,632882,0.0,1.0
2016-08-15,49.3,52.46,49.3,51.94,1638237,0.0,1.0
2016-08-16,52.18,52.2,50.63,51.62,1103916,0.0,1.0
2016-08-17,51.84,52.19,51.15,51.38,552938,0.0,1.0
2016-08-18,51.46,52.64,51.16,51.38,721165,0.0,1.0
2016-08-19,51.43,51.72,50.89,51.27,300457,0.0,1.0
2016-08-22,51.76,52.03,51.37,51.75,743241,0.0,1.0
2016-08-23,52.27,52.72,51.82,52.59,880564,0.0,1.0
2016-08-24,52.74,53.2,50.8,51.19,713732,0.0,1.0
2016-08-25,51.0,51.06,49.92,50.44,631488,0.0,1.0
2016-08-26,50.44,51.48,50.33,51.31,525323,0.0,1.0
2016-08-29,51.31,51.98,51.22,51.44,544932,0.0,1.0
2016-08-30,51.23,51.53,50.5,50.81,371912,0.0,1.0
2016-08-31,50.72,51.16,50.26,50.55,338433,0.0,1.0
2016-09-01,50.72,50.72,49.51,50.56,526423,0.0,1.0
2016-09-02,50.88,50.91,50.04,50.38,233252,0.0,1.0
2016-09-06,49.63,50.02,48.42,49.62,910486,0.0,1.0
2016-09-07,49.39,50.44,49.21,50.26,410916,0.0,1.0
2016-09-08,49.97,50.72,49.64,50.55,650839,0.0,1.0
2016-09-09,49.98,50.37,49.47,50.13,450946,0.0,1.0
2016-09-12,50.26,52.0,49.29,51.74,993425,0.0,1.0
2016-09-13,51.74,51.96,51.15,51.41,348164,0.0,1.0
2016-09-14,51.5,52.03,51.43,51.74,530122,0.0,1.0
2016-09-15,51.92,53.95,51.71,53.57,648093,0.0,1.0
2016-09-16,53.6,54.19,53.35,54.02,611873,0.0,1.0
2016-09-19,54.16,54.55,53.27,54.01,400127,0.0,1.0
2016-09-20,54.29,54.86,53.91,54.75,331422,0.0,1.0
2016-09-21,55.0,55.5,54.6,55.48,541631,0.0,1.0
2016-09-22,56.0,56.38,55.36,55.79,426765,0.0,1.0
2016-09-23,55.95,56.35,55.56,55.9,365334,0.0,1.0
2016-09-26,55.37,56.44,55.36,55.42,568497,0.0,1.0
2016-09-27,55.4,56.07,55.17,56.06,312743,0.0,1.0
2016-09-28,56.03,56.51,55.59,56.03,234046,0.0,1.0
2016-09-29,56.08,56.31,54.56,55.27,596468,0.0,1.0
2016-09-30,55.45,56.77,54.82,56.51,331258,0.0,1.0
2016-10-03,56.48,56.83,56.1,56.6,212988,0.0,1.0
2016-10-04,55.87,56.81,55.82,56.72,322012,0.0,1.0
2016-10-05,56.83,57.24,56.59,56.71,336606,0.0,1.0
2016-10-06,56.47,56.6,55.62,55.99,414384,0.0,1.0
2016-10-07,56.3,57.29,55.9,57.2,407492,0.0,1.0
2016-10-10,57.5,58.52,57.38,57.85,212238,0.0,1.0
2016-10-11,57.87,57.87,56.14,56.72,213539,0.0,1.0
2016-10-12,56.73,56.78,55.03,55.11,270086,0.0,1.0
2016-10-13,54.82,55.37,54.4,54.69,372420,0.0,1.0
2016-10-14,54.85,54.98,53.69,54.16,297146,0.0,1.0
2016-10-17,54.15,54.15,53.08,53.88,352923,0.0,1.0
2016-10-18,54.25,55.96,53.34,55.3,575844,0.0,1.0
2016-10-19,55.93,56.0,55.32,55.64,291342,0.0,1.0
2016-10-20,55.67,56.77,55.5,56.7,279515,0.0,1.0
2016-10-21,56.64,56.84,56.07,56.71,169869,0.0,1.0
2016-10-24,57.16,57.48,56.68,56.95,218532,0.0,1.0
2016-10-25,57.16,57.7,55.83,55.98,301128,0.0,1.0
2016-10-26,55.3,55.59,53.65,53.87,412988,0.0,1.0
2016-10-27,53.9,54.72,52.37,52.41,483644,0.0,1.0
2016-10-28,52.13,52.73,51.02,51.5,451199,0.0,1.0
2016-10-31,51.22,53.39,50.87,53.22,435994,0.0,1.0
2016-11-01,53.5,53.85,52.45,52.98,334029,0.0,1.0
2016-11-02,53.04,53.45,52.55,53.31,375507,0.0,1.0
2016-11-03,54.0,55.19,51.61,52.96,895445,0.0,1.0
2016-11-04,53.09,53.86,52.88,53.1,445904,0.0,1.0
2016-11-07,53.49,55.28,53.24,54.88,271002,0.0,1.0
2016-11-08,54.59,55.66,53.93,55.46,295611,0.0,1.0
2016-11-09,56.15,60.96,55.47,58.33,895593,0.0,1.0
2016-11-10,59.02,60.26,57.98,58.38,673214,0.0,1.0
2016-11-11,55.44,56.05,54.92,55.17,2406415,0.0,1.0
2016-11-14,55.4,55.61,53.46,54.15,1068820,0.0,1.0
2016-11-15,54.09,54.53,53.33,53.87,631874,0.0,1.0
2016-11-16,53.72,55.1,53.55,54.49,596666,0.0,1.0
2016-11-17,54.58,55.0,54.05,54.6,381606,0.0,1.0
2016-11-18,54.72,54.84,54.14,54.17,768649,0.0,1.0
2016-11-21,54.47,54.71,54.25,54.62,469051,0.0,1.0
2016-11-22,54.6,54.84,53.88,54.54,418833,0.0,1.0
2016-11-23,54.0,55.09,53.57,54.99,527587,0.0,1.0
2016-11-25,55.38,55.44,54.35,55.06,170924,0.0,1.0
2016-11-28,54.82,54.82,54.12,54.42,265338,0.0,1.0
2016-11-29,54.19,54.9,53.67,54.58,724092,0.0,1.0
2016-11-30,54.36,54.44,52.8,53.72,726610,0.0,1.0
2016-12-01,53.53,53.83,51.65,52.0,815911,0.0,1.0
2016-12-02,51.73,52.73,51.16,52.56,542565,0.0,1.0
2016-12-05,53.0,53.53,52.6,53.44,237240,0.0,1.0
2016-12-06,53.68,54.26,53.15,54.12,739660,0.0,1.0
2016-12-07,53.77,54.59,52.76,54.0,388229,0.0,1.0
2016-12-08,54.16,54.85,53.41,54.57,343823,0.0,1.0
2016-12-09,54.99,55.25,54.7,55.0,799085,0.0,1.0
2016-12-12,54.71,55.98,54.68,55.4,751313,0.0,1.0
2016-12-13,55.75,55.93,55.4,55.55,337224,0.0,1.0
2016-12-14,55.73,55.88,55.2,55.23,694787,0.0,1.0
2016-12-15,55.39,56.03,55.29,55.54,805766,0.0,1.0
2016-12-16,55.82,55.88,55.18,55.34,666226,0.0,1.0
2016-12-19,55.29,55.99,54.79,55.16,229088,0.0,1.0
2016-12-20,54.99,55.9,54.97,55.24,396101,0.0,1.0
2016-12-21,55.45,55.72,54.89,54.93,369371,0.0,1.0
2016-12-22,54.95,55.38,53.47,53.8,426737,0.0,1.0
2016-12-23,53.71,54.84,53.67,54.77,168707,0.0,1.0
2016-12-27,55.08,55.48,54.62,54.8,164872,0.0,1.0
2016-12-28,55.09,55.09,53.94,54.25,188825,0.0,1.0
2016-12-29,54.08,54.93,53.92,54.86,224280,0.0,1.0
2016-12-30,54.93,55.14,54.11,55.12,260175,0.0,1.0
2017-01-03,55.5,55.5,54.26,55.37,288374,0.0,1.0
2017-01-04,55.01,56.65,54.85,56.02,464028,0.0,1.0
2017-01-05,56.04,56.04,55.12,55.95,339417,0.0,1.0
2017-01-06,56.34,56.91,56.12,56.8,360957,0.0,1.0
2017-01-09,56.37,57.06,56.37,56.6,452903,0.0,1.0
2017-01-10,56.3,57.08,56.22,56.66,369674,0.0,1.0
2017-01-11,57.0,58.43,56.04,57.18,925013,0.0,1.0
2017-01-12,57.37,58.04,56.75,57.96,323279,0.0,1.0
2017-01-13,58.21,59.23,57.54,57.59,309404,0.0,1.0
2017-01-17,57.14,57.54,55.85,56.24,369167,0.0,1.0
2017-01-18,56.37,56.62,55.5,55.74,420856,0.0,1.0
2017-01-19,55.68,56.05,55.31,55.5,480289,0.0,1.0
2017-01-20,55.54,55.58,54.57,55.19,467697,0.0,1.0
2017-01-23,55.26,55.99,54.41,54.49,398172,0.0,1.0
2017-01-24,54.74,55.16,54.11,54.44,279961,0.0,1.0
2017-01-25,54.5,55.16,54.08,55.14,905629,0.0,1.0
2017-01-26,55.04,55.64,54.44,55.42,713907,0.0,1.0
2017-01-27,55.63,56.58,55.4,56.55,347710,0.0,1.0
2017-01-30,56.39,56.63,55.59,56.58,297142,0.0,1.0
2017-01-31,56.34,58.77,55.97,58.59,600386,0.0,1.0
2017-02-01,58.73,58.95,58.26,58.54,360238,0.0,1.0
2017-02-02,58.15,58.95,57.65,58.28,327942,0.0,1.0
2017-02-03,58.68,59.12,57.67,59.02,339192,0.0,1.0
2017-02-06,60.0,60.0,58.77,58.9,350970,0.0,1.0
2017-02-07,59.41,59.61,57.89,58.51,390580,0.0,1.0
2017-02-08,58.26,58.59,57.85,58.42,242907,0.0,1.0
2017-02-09,58.63,59.21,58.56,59.18,358188,0.0,1.0
2017-02-10,59.31,59.31,58.25,59.21,196772,0.0,1.0
2017-02-13,59.54,59.9,58.72,59.17,273915,0.0,1.0
2017-02-14,59.16,61.14,58.48,60.86,380540,0.0,1.0
2017-02-15,60.64,61.39,60.09,60.98,375989,0.0,1.0
2017-02-16,60.85,61.28,60.02,61.08,308945,0.0,1.0
2017-02-17,61.14,61.45,60.92,61.32,184359,0.0,1.0
2017-02-21,61.42,61.5,60.4,60.69,322737,0.0,1.0
2017-02-22,60.49,60.77,59.52,59.98,623831,0.0,1.0
2017-02-23,60.82,61.92,60.3,61.06,1585724,0.0,1.0
2017-02-24,61.17,61.8,59.62,60.18,560298,0.0,1.0
2017-02-27,60.84,61.57,60.11,61.02,880583,0.0,1.0
2017-02-28,60.0,60.32,58.3,59.01,1049960,0.0,1.0
2017-03-01,59.59,60.24,58.88,59.34,972439,0.0,1.0
2017-03-02,59.19,59.73,58.02,58.58,727329,0.0,1.0
2017-03-03,58.56,59.57,58.41,59.1,540673,0.0,1.0
2017-03-06,59.04,59.46,58.6,58.92,457849,0.0,1.0
2017-03-07,58.66,59.23,57.72,58.89,418911,0.0,1.0
2017-03-08,58.65,59.99,58.14,59.57,284454,0.0,1.0
2017-03-09,59.75,60.01,58.68,58.73,252179,0.0,1.0
2017-03-10,59.12,59.95,59.06,59.7,302953,0.0,1.0
2017-03-13,59.64,60.09,59.22,59.73,238272,0.0,1.0
2017-03-14,59.57,59.65,58.86,58.95,226066,0.0,1.0
2017-03-15,59.08,60.29,58.73,60.1,308388,0.0,1.0
2017-03-16,60.18,60.21,58.89,58.99,331807,0.0,1.0
2017-03-17,58.86,59.66,58.41,59.4,1379550,0.0,1.0
2017-03-20,59.39,59.72,58.66,59.16,544356,0.0,1.0
2017-03-21,59.45,59.45,58.08,58.72,708330,0.0,1.0
2017-03-22,58.7,59.87,58.24,59.86,519963,0.0,1.0
2017-03-23,59.77,60.33,59.14,59.83,483594,0.0,1.0
2017-03-24,59.93,61.89,59.82,61.75,710619,0.0,1.0
2017-03-27,61.28,63.37,60.94,63.27,1269231,0.0,1.0
2017-03-28,63.59,64.77,62.83,64.4,1049648,0.0,1.0
2017-03-29,64.45,65.04,63.9,64.93,603454,0.0,1.0
2017-03-30,65.02,65.24,64.26,65.21,365857,0.0,1.0
2017-03-31,65.19,66.04,64.85,65.23,560781,0.0,1.0
2017-04-03,65.51,65.88,64.7,64.79,298996,0.0,1.0
2017-04-04,64.65,65.68,64.1,64.72,340190,0.0,1.0
2017-04-05,65.09,65.24,64.4,64.65,392788,0.0,1.0
2017-04-06,64.62,64.85,63.88,64.83,411639,0.0,1.0
2017-04-07,64.71,65.0,64.31,64.62,239292,0.0,1.0
2017-04-10,64.85,64.85,63.84,63.86,283797,0.0,1.0
2017-04-11,63.77,64.29,63.46,64.1,301642,0.0,1.0
2017-04-12,64.02,64.24,63.23,63.59,242147,0.0,1.0
2017-04-13,63.45,63.93,63.14,63.75,333523,0.0,1.0
2017-04-17,63.56,63.94,63.34,63.83,431629,0.0,1.0
2017-04-18,63.83,65.2,63.24,64.9,440160,0.0,1.0
2017-04-19,65.11,65.5,64.45,64.55,613927,0.0,1.0
2017-04-20,64.78,65.43,63.8,65.19,332234,0.0,1.0
2017-04-21,65.16,66.08,64.53,64.78,293834,0.0,1.0
2017-04-24,65.5,65.95,65.08,65.29,346063,0.0,1.0
2017-04-25,65.49,66.11,64.49,65.41,1219038,0.0,1.0
2017-04-26,66.07,66.47,61.93,62.47,2297408,0.0,1.0
2017-04-27,62.89,64.18,61.97,63.87,588432,0.0,1.0
2017-04-28,63.84,65.02,63.46,63.96,560614,0.0,1.0
2017-05-01,64.01,64.67,63.3,63.95,406145,0.0,1.0
2017-05-02,64.16,64.31,63.22,63.57,648024,0.0,1.0
2017-05-03,63.19,65.32,63.11,65.06,749161,0.0,1.0
2017-05-04,65.38,66.69,65.19,66.08,468027,0.0,1.0
2017-05-05,66.09,66.42,64.9,66.4,312325,0.0,1.0
2017-05-08,66.39,66.58,65.07,66.45,535963,0.0,1.0
2017-05-09,66.33,67.37,66.11,66.89,318423,0.0,1.0
2017-05-10,67.49,69.05,67.02,68.92,713528,0.0,1.0
2017-05-11,68.63,69.48,68.27,68.76,452198,0.0,1.0
2017-05-12,68.94,69.92,68.61,69.65,349525,0.0,1.0
2017-05-15,69.82,70.92,69.45,70.5,410994,0.0,1.0
2017-05-16,70.65,71.05,70.06,70.42,410632,0.0,1.0
2017-05-17,69.69,70.22,69.03,69.35,386565,0.0,1.0
2017-05-18,69.38,70.41,67.71,70.25,348283,0.0,1.0
2017-05-19,70.25,72.0,69.29,69.93,430262,0.0,1.0
2017-05-22,70.08,71.74,70.08,71.07,314137,0.0,1.0
2017-05-23,71.39,72.4,71.21,71.37,320610,0.0,1.0
2017-05-24,71.47,71.79,70.93,71.5,293182,0.0,1.0
2017-05-25,71.56,72.29,71.32,72.2,367233,0.0,1.0
2017-05-26,72.22,72.82,72.05,72.37,264579,0.0,1.0
2017-05-30,72.57,73.18,71.74,71.85,332391,0.0,1.0
2017-05-31,72.16,72.54,71.55,72.25,358986,0.0,1.0
2017-06-01,72.23,73.0,71.82,72.99,446382,0.0,1.0
2017-06-02,73.14,73.81,72.86,73.2,308019,0.0,1.0
2017-06-05,73.22,73.46,72.68,72.86,252688,0.0,1.0
2017-06-06,72.79,73.46,72.02,72.59,322627,0.0,1.0
2017-06-07,72.07,74.03,72.02,73.41,362212,0.0,1.0
2017-06-08,73.64,75.3,73.56,74.77,450670,0.0,1.0
2017-06-09,74.59,75.43,72.09,72.55,429488,0.0,1.0
2017-06-12,72.15,72.84,69.57,71.56,571466,0.0,1.0
2017-06-13,71.94,73.36,71.78,72.93,324516,0.0,1.0
2017-06-14,73.01,73.01,71.35,71.67,422265,0.0,1.0
2017-06-15,70.97,72.25,70.01,72.17,273708,0.0,1.0
2017-06-16,72.02,73.2,71.94,72.64,553936,0.0,1.0
2017-06-19,73.81,75.75,73.44,75.5,631975,0.0,1.0
2017-06-20,75.86,77.3,75.1,75.17,385851,0.0,1.0
2017-06-21,75.17,78.3,74.89,77.21,479695,0.0,1.0
2017-06-22,77.03,77.26,74.75,75.1,721655,0.0,1.0
2017-06-23,75.31,75.88,74.49,75.38,2282216,0.0,1.0
2017-06-26,76.33,79.98,74.62,75.1,628182,0.0,1.0
2017-06-27,75.11,75.91,73.28,73.44,599844,0.0,1.0
2017-06-28,73.79,75.56,73.59,74.97,393850,0.0,1.0
2017-06-29,74.99,75.44,73.69,75.19,359521,0.0,1.0
2017-06-30,75.25,75.58,74.39,75.01,471174,0.0,1.0
2017-07-03,75.27,75.36,73.57,73.87,247602,0.0,1.0
2017-07-05,74.09,75.28,74.09,75.23,386259,0.0,1.0
2017-07-06,74.65,75.04,73.46,73.85,287927,0.0,1.0
2017-07-07,74.32,76.13,74.32,75.48,325783,0.0,1.0
2017-07-10,75.59,75.83,73.66,75.05,402292,0.0,1.0
2017-07-11,75.17,76.22,75.0,75.89,312782,0.0,1.0
2017-07-12,76.5,77.57,75.55,76.75,401309,0.0,1.0
2017-07-13,76.63,77.09,75.43,76.1,243282,0.0,1.0
2017-07-14,76.28,76.8,75.17,75.44,320592,0.0,1.0
2017-07-17,75.57,75.88,74.87,75.53,293846,0.0,1.0
2017-07-18,75.42,75.63,74.58,75.0,315955,0.0,1.0
2017-07-19,75.43,76.05,74.64,75.54,580976,0.0,1.0
2017-07-20,75.69,76.4,74.99,76.24,341043,0.0,1.0
2017-07-21,76.6,76.82,75.07,75.37,269291,0.0,1.0
2017-07-24,75.45,77.13,75.12,77.0,281564,0.0,1.0
2017-07-25,77.33,77.57,76.26,76.81,599092,0.0,1.0
2017-07-26,76.87,77.22,75.85,76.81,326322,0.0,1.0
2017-07-27,76.75,76.75,73.1,73.86,360332,0.0,1.0
2017-07-28,73.67,75.35,73.39,75.16,452687,0.0,1.0
2017-07-31,75.4,75.79,74.28,74.4,266006,0.0,1.0
2017-08-01,74.75,74.75,73.81,74.55,195713,0.0,1.0
2017-08-02,74.73,75.6,73.75,74.77,277914,0.0,1.0
2017-08-03,74.81,75.22,73.76,74.08,352911,0.0,1.0
2017-08-04,74.04,74.68,73.47,74.08,613493,0.0,1.0
2017-08-07,74.09,74.86,73.05,74.23,694032,0.0,1.0
2017-08-08,78.0,80.99,77.02,79.14,1440539,0.0,1.0
2017-08-09,75.01,75.58,73.96,74.13,3625651,0.0,1.0
2017-08-10,74.04,74.96,73.62,73.81,1679740,0.0,1.0
2017-08-11,73.85,74.6,73.37,74.2,781983,0.0,1.0
2017-08-14,74.8,75.08,74.04,74.77,789381,0.0,1.0
2017-08-15,74.55,75.87,74.55,75.7,1875287,0.0,1.0
2017-08-16,75.79,76.7,74.97,75.16,792478,0.0,1.0
2017-08-17,75.27,76.03,74.21,75.24,710714,0.0,1.0
2017-08-18,74.8,75.56,74.63,74.76,857285,0.0,1.0
2017-08-21,74.99,75.3,74.4,75.11,528844,0.0,1.0
2017-08-22,74.92,76.46,74.72,76.25,821060,0.0,1.0
2017-08-23,76.29,77.84,75.08,77.17,1044365,0.0,1.0
2017-08-24,77.52,77.77,75.54,75.99,478505,0.0,1.0
2017-08-25,76.08,76.5,75.18,75.67,373736,0.0,1.0
2017-08-28,75.87,76.11,75.02,75.81,813978,0.0,1.0
2017-08-29,75.31,76.62,75.31,76.54,364266,0.0,1.0
2017-08-30,76.64,77.5,76.44,76.98,520010,0.0,1.0
2017-08-31,77.18,77.62,76.81,77.4,531607,0.0,1.0
2017-09-01,77.75,78.3,77.39,77.95,653651,0.0,1.0
2017-09-05,77.81,78.21,77.11,77.85,619629,0.0,1.0
2017-09-06,78.06,78.06,76.98,77.58,913269,0.0,1.0
2017-09-07,77.48,77.88,76.71,77.4,342300,0.0,1.0
2017-09-08,77.41,77.8,76.84,77.02,366704,0.0,1.0
2017-09-11,77.18,77.75,76.84,77.24,712149,0.0,1.0
2017-09-12,77.58,77.58,75.8,76.4,466756,0.0,1.0
2017-09-13,76.4,76.4,74.35,74.83,526305,0.0,1.0
2017-09-14,74.86,74.87,73.72,73.89,411170,0.0,1.0
2017-09-15,74.07,74.45,73.23,74.0,844368,0.0,1.0
2017-09-18,74.01,75.0,74.01,74.94,519762,0.0,1.0
2017-09-19,75.14,75.48,74.45,75.12,883099,0.0,1.0
2017-09-20,75.29,76.61,75.26,75.63,643269,0.0,1.0
2017-09-21,76.03,76.03,75.02,75.68,387673,0.0,1.0
2017-09-22,75.24,75.35,74.7,75.09,360645,0.0,1.0
2017-09-25,74.68,74.98,73.5,74.03,394632,0.0,1.0
2017-09-26,74.25,74.28,73.53,73.85,934298,0.0,1.0
2017-09-27,74.23,76.24,74.18,75.85,704509,0.0,1.0
2017-09-28,75.91,76.75,75.52,75.89,384937,0.0,1.0
2017-09-29,75.9,76.68,75.6,76.17,395304,0.0,1.0
2017-10-02,76.6,77.11,75.71,76.11,444068,0.0,1.0
2017-10-03,76.3,77.57,76.08,77.54,434898,0.0,1.0
2017-10-04,77.41,79.03,77.37,79.02,600953,0.0,1.0
2017-10-05,79.18,79.84,78.78,79.69,596129,0.0,1.0
2017-10-06,79.34,80.21,79.23,79.81,440927,0.0,1.0
2017-10-09,80.17,81.37,80.1,81.3,779564,0.0,1.0
2017-10-10,81.5,82.0,80.94,81.09,605463,0.0,1.0
2017-10-11,81.21,81.88,81.14,81.68,381501,0.0,1.0
2017-10-12,81.67,81.89,81.22,81.44,358347,0.0,1.0
2017-10-13,81.5,82.13,81.17,82.11,339375,0.0,1.0
2017-10-16,83.73,83.73,82.76,83.37,526437,0.0,1.0
2017-10-17,83.4,83.44,81.33,82.25,452314,0.0,1.0
2017-10-18,82.02,83.0,81.86,82.4,412250,0.0,1.0
2017-10-19,82.13,82.73,81.77,82.6,340714,0.0,1.0
2017-10-20,83.15,83.31,82.45,82.88,270106,0.0,1.0
2017-10-23,82.81,82.81,81.5,81.56,408536,0.0,1.0
2017-10-24,81.98,82.55,81.44,82.02,431202,0.0,1.0
2017-10-25,82.23,82.45,79.65,80.49,727197,0.0,1.0
2017-10-26,83.63,84.38,80.5,82.24,1439788,0.0,1.0
2017-10-27,82.97,82.97,80.26,82.04,695220,0.0,1.0
2017-10-30,82.25,84.07,81.26,81.33,668118,0.0,1.0
2017-10-31,81.53,81.92,80.71,81.43,500085,0.0,1.0
2017-11-01,81.69,82.62,81.09,81.3,391528,0.0,1.0
2017-11-02,81.25,82.37,81.01,81.6,298166,0.0,1.0
2017-11-03,81.58,83.76,81.43,83.42,495282,0.0,1.0
2017-11-06,83.4,83.84,82.7,82.76,291854,0.0,1.0
2017-11-07,82.7,83.57,82.55,83.24,415098,0.0,1.0
2017-11-08,82.88,83.94,82.69,83.5,429499,0.0,1.0
2017-11-09,81.98,82.09,79.76,80.39,873576,0.0,1.0
2017-11-10,80.34,80.54,78.3,79.06,423371,0.0,1.0
2017-11-13,79.05,80.39,78.23,79.6,415188,0.0,1.0
2017-11-14,79.13,79.7,78.33,78.59,392134,0.0,1.0
2017-11-15,78.33,78.68,76.39,78.41,631210,0.0,1.0
2017-11-16,78.57,80.02,78.06,79.9,320826,0.0,1.0
2017-11-17,79.46,80.84,78.99,80.7,383938,0.0,1.0
2017-11-20,80.94,81.98,80.43,81.41,269427,0.0,1.0
2017-11-21,81.88,84.11,81.63,83.57,541812,0.0,1.0
2017-11-22,83.43,84.05,83.02,83.34,343745,0.0,1.0
2017-11-24,84.04,84.19,82.64,83.25,197280,0.0,1.0
2017-11-27,83.15,84.24,82.53,82.56,370089,0.0,1.0
2017-11-28,82.9,83.12,81.96,82.64,314871,0.0,1.0
2017-11-29,82.86,83.32,81.0,81.32,357656,0.0,1.0
2017-11-30,82.15,83.1,81.26,82.37,815847,0.0,1.0
2017-12-01,82.68,83.1,79.0,81.85,460247,0.0,1.0
2017-12-04,83.02,84.19,80.42,80.5,618361,0.0,1.0
2017-12-05,80.55,81.76,80.36,81.0,426357,0.0,1.0
2017-12-06,81.05,81.71,80.89,81.46,301706,0.0,1.0
2017-12-07,81.5,82.36,80.91,81.6,309720,0.0,1.0
2017-12-08,82.08,83.98,81.57,82.71,446968,0.0,1.0
2017-12-11,83.2,84.01,82.59,83.75,503499,0.0,1.0
2017-12-12,83.85,84.89,83.31,84.61,482883,0.0,1.0
2017-12-13,84.96,88.6,84.85,87.23,1005815,0.0,1.0
2017-12-14,87.66,89.81,87.47,89.13,1512217,0.0,1.0
2017-12-15,89.31,90.43,88.5,90.25,1079486,0.0,1.0
2017-12-18,91.04,91.42,89.01,89.72,706671,0.0,1.0
2017-12-19,90.13,91.95,90.08,91.33,520428,0.0,1.0
2017-12-20,91.69,91.81,90.66,90.79,510151,0.0,1.0
2017-12-21,90.99,91.7,90.61,91.07,292550,0.0,1.0
2017-12-22,90.73,92.0,90.73,91.53,286831,0.0,1.0
2017-12-26,91.47,91.8,90.8,91.14,203056,0.0,1.0
2017-12-27,91.51,91.91,90.96,91.35,258740,0.0,1.0
2017-12-28,91.3,91.3,90.08,91.06,438696,0.0,1.0
2017-12-29,90.97,91.49,90.86,91.07,300845,0.0,1.0
2018-01-02,91.07,92.84,90.05,90.79,772261,0.0,1.0
2018-01-03,90.75,91.14,90.24,90.44,418198,0.0,1.0
2018-01-04,90.7,91.07,90.16,90.39,347357,0.0,1.0
2018-01-05,90.43,91.18,89.65,90.71,476125,0.0,1.0
2018-01-08,90.64,91.17,89.4,91.11,345786,0.0,1.0
2018-01-09,91.19,92.13,90.84,91.57,405329,0.0,1.0
2018-01-10,91.5,92.68,90.37,92.15,450237,0.0,1.0
2018-01-11,92.12,92.23,90.11,91.34,425120,0.0,1.0
2018-01-12,91.47,91.82,89.7,90.06,353127,0.0,1.0
2018-01-16,90.1,91.54,89.53,90.37,505588,0.0,1.0
2018-01-17,90.99,92.33,89.91,92.1,327384,0.0,1.0
2018-01-18,92.33,92.92,91.84,92.89,349829,0.0,1.0
2018-01-19,93.02,94.28,92.91,93.5,508096,0.0,1.0
2018-01-22,93.89,94.82,93.32,94.36,379403,0.0,1.0
2018-01-23,94.54,95.63,93.65,94.22,416901,0.0,1.0
2018-01-24,93.04,93.43,87.9,92.56,838607,0.0,1.0
2018-01-25,93.08,94.59,92.43,93.5,321487,0.0,1.0
2018-01-26,94.07,94.56,92.9,94.18,260330,0.0,1.0
2018-01-29,94.27,95.9,93.84,94.35,396389,0.0,1.0
2018-01-30,93.66,94.02,91.81,91.83,281954,0.0,1.0
2018-01-31,92.21,92.65,90.34,91.06,415191,0.0,1.0
2018-02-01,90.81,92.57,90.05,92.51,278748,0.0,1.0
2018-02-02,91.99,92.46,89.2,89.37,288573,0.0,1.0
2018-02-05,88.79,89.39,85.36,87.41,636640,0.0,1.0
2018-02-06,86.07,89.17,85.51,88.29,535230,0.0,1.0
2018-02-07,88.34,89.04,87.39,88.26,239983,0.0,1.0
2018-02-08,88.55,88.55,83.87,83.95,530403,0.0,1.0
2018-02-09,84.87,85.98,82.33,85.43,470613,0.0,1.0
2018-02-12,85.73,86.94,84.73,86.07,303031,0.0,1.0
2018-02-13,85.71,89.89,85.0,87.84,295263,0.0,1.0
2018-02-14,86.96,89.3,86.04,88.92,286554,0.0,1.0
2018-02-15,89.64,89.64,87.9,89.17,460513,0.0,1.0
2018-02-16,88.92,89.64,88.7,88.9,288691,0.0,1.0
2018-02-20,88.28,89.49,87.4,88.14,325746,0.0,1.0
2018-02-21,88.61,91.06,87.06,88.99,496167,0.0,1.0
2018-02-22,88.5,88.5,81.95,82.99,1208525,0.0,1.0
2018-02-23,83.23,87.4,83.0,86.18,652831,0.0,1.0
2018-02-26,86.76,87.65,83.08,84.21,687144,0.0,1.0
2018-02-27,84.34,85.57,82.44,84.33,757039,0.0,1.0
2018-02-28,84.34,85.56,83.65,84.0,401537,0.0,1.0
2018-03-01,83.92,84.04,81.79,82.66,464783,0.0,1.0
2018-03-02,82.4,83.94,82.32,83.13,464379,0.0,1.0
2018-03-05,82.99,84.89,82.68,84.39,367726,0.0,1.0
2018-03-06,84.86,85.34,83.85,84.68,282500,0.0,1.0
2018-03-07,84.32,85.54,84.1,85.25,372208,0.0,1.0
2018-03-08,85.32,87.93,85.3,87.91,516524,0.0,1.0
2018-03-09,88.21,90.75,86.14,90.46,559029,0.0,1.0
2018-03-12,90.74,93.29,90.74,92.86,539797,0.0,1.0
2018-03-13,93.21,93.21,91.02,92.17,495037,0.0,1.0
2018-03-14,92.62,92.62,90.27,90.7,572578,0.0,1.0
2018-03-15,90.77,92.09,90.17,90.86,255893,0.0,1.0
2018-03-16,90.68,91.14,90.12,90.77,388217,0.0,1.0
2018-03-19,90.32,90.56,88.85,89.79,221485,0.0,1.0
2018-03-20,89.79,90.12,88.73,89.45,209501,0.0,1.0
2018-03-21,89.51,89.99,87.62,88.38,391976,0.0,1.0
2018-03-22,87.52,87.85,85.6,85.62,322133,0.0,1.0
2018-03-23,85.64,86.57,83.98,83.99,393684,0.0,1.0
2018-03-26,85.27,87.02,83.93,86.9,419673,0.0,1.0
2018-03-27,87.18,87.18,84.9,85.42,246231,0.0,1.0
2018-03-28,85.5,85.93,81.18,83.18,511215,0.0,1.0
2018-03-29,83.8,84.53,82.38,82.96,478264,0.0,1.0
2018-04-02,82.5,82.91,80.57,81.24,409171,0.0,1.0
2018-04-03,81.29,82.48,80.39,81.51,547598,0.0,1.0
2018-04-04,80.53,83.77,80.02,83.49,459157,0.0,1.0
2018-04-05,83.87,83.87,82.36,83.32,303994,0.0,1.0
2018-04-06,82.51,83.45,80.71,81.38,367102,0.0,1.0
2018-04-09,81.72,83.69,81.7,82.2,496361,0.0,1.0
2018-04-10,83.15,84.51,83.1,84.09,367338,0.0,1.0
2018-04-11,83.59,86.02,83.28,85.04,258527,0.0,1.0
2018-04-12,85.71,86.84,85.05,86.41,239516,0.0,1.0
2018-04-13,87.06,89.5,85.94,87.0,307088,0.0,1.0
2018-04-16,87.34,88.35,86.25,87.98,343504,0.0,1.0
2018-04-17,88.34,88.74,87.63,88.61,306972,0.0,1.0
2018-04-18,88.52,89.46,87.99,88.44,243919,0.0,1.0
2018-04-19,88.31,89.67,87.19,88.16,468250,0.0,1.0
2018-04-20,87.67,88.54,85.5,87.27,276448,0.0,1.0
2018-04-23,87.79,88.91,87.07,87.31,335159,0.0,1.0
2018-04-24,87.4,87.4,84.58,85.26,315582,0.0,1.0
2018-04-25,85.45,86.36,83.21,84.76,474750,0.0,1.0
2018-04-26,80.52,84.9,80.52,81.61,784594,0.0,1.0
2018-04-27,82.32,85.51,81.61,85.0,548059,0.0,1.0
2018-04-30,85.0,86.3,82.15,82.17,439103,0.0,1.0
2018-05-01,81.71,82.02,80.88,81.73,548500,0.0,1.0
2018-05-02,81.74,83.62,79.79,81.63,613742,0.0,1.0
2018-05-03,81.62,82.76,80.09,82.46,345035,0.0,1.0
2018-05-04,82.17,84.61,81.26,83.7,297305,0.0,1.0
2018-05-07,83.84,83.84,81.15,81.19,634957,0.0,1.0
2018-05-08,80.76,81.62,80.76,81.47,432078,0.0,1.0
2018-05-09,81.82,82.08,80.9,81.25,320100,0.0,1.0
2018-05-10,81.28,81.42,80.09,81.04,493196,0.0,1.0
2018-05-11,80.94,82.7,80.34,82.49,408536,0.0,1.0
2018-05-14,82.33,83.46,81.61,83.1,307517,0.0,1.0
2018-05-15,82.64,83.02,80.23,80.39,279308,0.0,1.0
2018-05-16,80.64,80.87,79.61,80.16,606402,0.0,1.0
2018-05-17,80.17,80.74,79.2,79.95,258901,0.0,1.0
2018-05-18,80.31,80.79,79.76,80.22,342235,0.0,1.0
2018-05-21,80.4,81.6,80.4,81.1,198415,0.0,1.0
2018-05-22,81.44,82.12,80.82,81.04,258846,0.0,1.0
2018-05-23,80.95,81.89,80.54,81.42,310335,0.0,1.0
2018-05-24,81.55,81.8,80.57,80.89,276738,0.0,1.0
2018-05-25,80.65,81.44,80.28,81.11,228761,0.0,1.0
2018-05-29,85.5,87.99,84.2,85.28,2227986,0.0,1.0
2018-05-30,85.12,89.49,85.12,88.66,9403397,0.0,1.0
2018-05-31,88.45,88.68,84.2,84.9,1607049,0.0,1.0
2018-06-01,84.93,86.14,83.88,84.74,1045021,0.0,1.0
2018-06-04,84.85,85.84,84.27,85.61,581591,0.0,1.0
2018-06-05,85.53,86.12,84.64,85.22,714792,0.0,1.0
2018-06-06,85.0,86.37,84.78,85.61,606796,0.0,1.0
2018-06-07,86.0,86.86,85.12,85.93,484431,0.0,1.0
2018-06-08,86.04,89.01,85.89,88.44,705919,0.0,1.0
2018-06-11,88.43,89.45,88.07,88.41,1059430,0.0,1.0
2018-06-12,88.73,91.87,88.3,91.72,852759,0.0,1.0
2018-06-13,91.93,93.75,91.23,93.05,716606,0.0,1.0
2018-06-14,93.69,95.33,92.84,95.16,815337,0.0,1.0
2018-06-15,94.94,97.31,94.48,96.0,1262952,0.0,1.0
2018-06-18,96.27,96.77,94.5,96.22,511108,0.0,1.0
2018-06-19,95.51,95.96,94.71,95.36,730255,0.0,1.0
2018-06-20,95.96,96.24,94.86,95.46,649573,0.0,1.0
2018-06-21,95.77,96.24,94.02,95.69,715789,0.0,1.0
2018-06-22,96.08,96.9,94.94,95.22,5925627,0.0,1.0
2018-06-25,95.37,96.19,93.62,94.24,675992,0.0,1.0
2018-06-26,94.01,94.7,91.62,93.49,726461,0.0,1.0
2018-06-27,93.56,93.83,91.23,92.06,501287,0.0,1.0
2018-06-28,92.14,92.92,90.9,92.77,458322,0.0,1.0
2018-06-29,93.41,93.55,91.88,93.36,520291,0.0,1.0
2018-07-02,92.96,93.93,91.99,93.64,367955,0.0,1.0
2018-07-03,93.63,94.43,92.76,93.93,288739,0.0,1.0
2018-07-05,94.21,95.08,93.19,94.67,842263,0.0,1.0
2018-07-06,94.75,96.86,94.22,95.74,433341,0.0,1.0
2018-07-09,96.01,97.72,95.4,96.54,445519,0.0,1.0
2018-07-10,96.85,98.09,96.25,97.77,363854,0.0,1.0
2018-07-11,97.42,98.47,96.49,97.88,342441,0.0,1.0
2018-07-12,98.17,99.91,97.92,99.48,486308,0.0,1.0
2018-07-13,99.53,100.68,99.34,99.96,354419,0.0,1.0
2018-07-16,100.0,101.97,98.79,99.52,296271,0.0,1.0
2018-07-17,99.22,99.96,98.39,99.42,423637,0.0,1.0
2018-07-18,99.1,100.03,98.23,99.84,381605,0.0,1.0
2018-07-19,99.81,101.74,99.48,101.2,243875,0.0,1.0
2018-07-20,101.5,102.93,101.5,102.52,366995,0.0,1.0
2018-07-23,102.49,104.43,100.72,103.93,476055,0.0,1.0
2018-07-24,104.96,105.27,103.87,104.9,651736,0.0,1.0
2018-07-25,105.41,107.18,104.4,106.86,613652,0.0,1.0
2018-07-26,106.95,108.02,105.96,107.7,561208,0.0,1.0
2018-07-27,107.47,107.47,105.15,106.92,542261,0.0,1.0
2018-07-30,106.78,106.83,102.37,102.72,466917,0.0,1.0
2018-07-31,103.2,105.48,101.56,105.14,543141,0.0,1.0
2018-08-01,104.84,106.77,103.67,104.82,706753,0.0,1.0
2018-08-02,107.74,107.74,102.37,105.05,943942,0.0,1.0
2018-08-03,105.26,105.95,103.21,105.21,525729,0.0,1.0
2018-08-06,104.89,107.69,103.81,104.33,537678,0.0,1.0
2018-08-07,100.24,102.09,100.01,101.74,5161516,0.0,1.0
2018-08-08,102.37,102.37,100.6,101.22,874031,0.0,1.0
2018-08-09,101.41,102.5,100.27,101.14,1575005,0.0,1.0
2018-08-10,101.07,102.3,100.44,101.42,764401,0.0,1.0
2018-08-13,101.87,103.73,100.95,101.05,627174,0.0,1.0
2018-08-14,100.85,102.2,100.4,101.44,540932,0.0,1.0
2018-08-15,100.98,101.49,100.01,101.16,519545,0.0,1.0
2018-08-16,101.46,103.45,100.92,102.44,437558,0.0,1.0
2018-08-17,103.01,103.39,100.27,101.68,929493,0.0,1.0
2018-08-20,101.65,102.24,100.79,102.03,508216,0.0,1.0
2018-08-21,102.45,104.15,100.78,103.79,459348,0.0,1.0
2018-08-22,103.26,105.02,103.26,104.59,423879,0.0,1.0
2018-08-23,104.74,105.9,103.69,104.47,311664,0.0,1.0
2018-08-24,104.84,106.23,103.95,105.4,448460,0.0,1.0
2018-08-27,105.71,107.1,105.29,106.44,492964,0.0,1.0
2018-08-28,106.76,107.89,104.66,105.73,391608,0.0,1.0
2018-08-29,105.77,106.45,104.56,105.63,443672,0.0,1.0
2018-08-30,105.33,106.01,104.53,105.01,308970,0.0,1.0
2018-08-31,104.86,105.83,104.54,105.6,347327,0.0,1.0
2018-09-04,105.74,107.58,105.25,107.41,667209,0.0,1.0
2018-09-05,107.14,108.74,106.65,107.18,782808,0.0,1.0
2018-09-06,106.84,108.08,105.65,105.92,408974,0.0,1.0
2018-09-07,105.82,108.24,105.67,107.21,303537,0.0,1.0
2018-09-10,107.56,109.54,106.73,109.24,771878,0.0,1.0
2018-09-11,109.02,109.73,107.2,109.34,412099,0.0,1.0
2018-09-12,110.04,110.72,108.06,110.02,364098,0.0,1.0
2018-09-13,110.09,111.75,109.87,111.4,394263,0.0,1.0
2018-09-14,111.51,112.88,111.42,111.63,386979,0.0,1.0
2018-09-17,111.72,111.84,107.8,108.23,568208,0.0,1.0
2018-09-18,108.51,110.71,108.46,109.91,407497,0.0,1.0
2018-09-19,109.44,109.88,106.81,107.53,458609,0.0,1.0
2018-09-20,108.13,109.28,107.79,108.47,320706,0.0,1.0
2018-09-21,108.95,109.41,107.26,107.78,785092,0.0,1.0
2018-09-24,107.3,108.52,106.81,108.44,534832,0.0,1.0
2018-09-25,108.0,110.07,107.17,109.17,380048,0.0,1.0
2018-09-26,109.39,110.14,108.7,108.97,475104,0.0,1.0
2018-09-27,109.04,110.48,108.76,109.51,535519,0.0,1.0
2018-09-28,109.35,110.88,109.14,110.19,445377,0.0,1.0
2018-10-01,111.24,111.7,110.17,110.79,432714,0.0,1.0
2018-10-02,110.74,111.32,108.62,109.1,539525,0.0,1.0
2018-10-03,109.69,110.42,108.14,109.79,366834,0.0,1.0
2018-10-04,109.62,109.62,104.79,105.47,370069,0.0,1.0
2018-10-05,105.64,106.95,102.66,106.37,397560,0.0,1.0
2018-10-08,106.02,106.43,102.76,104.38,289847,0.0,1.0
2018-10-09,103.26,105.08,102.75,102.95,403948,0.0,1.0
2018-10-10,102.25,103.75,99.01,99.17,407136,0.0,1.0
2018-10-11,98.67,99.78,97.19,98.37,613957,0.0,1.0
2018-10-12,99.91,100.98,98.23,99.87,378969,0.0,1.0
2018-10-15,99.93,100.0,98.04,98.39,290558,0.0,1.0
2018-10-16,99.32,103.86,98.58,103.74,405339,0.0,1.0
2018-10-17,103.45,104.46,102.26,103.26,283916,0.0,1.0
2018-10-18,102.89,103.18,101.15,102.26,426609,0.0,1.0
2018-10-19,102.79,103.57,100.85,100.98,350812,0.0,1.0
2018-10-22,100.83,103.58,99.46,100.15,299582,0.0,1.0
2018-10-23,98.5,100.86,97.15,99.69,566130,0.0,1.0
2018-10-24,99.32,101.43,91.5,91.73,792426,0.0,1.0
2018-10-25,92.3,98.19,92.3,98.0,509093,0.0,1.0
2018-10-26,96.28,97.55,93.88,96.36,349814,0.0,1.0
2018-10-29,97.92,98.48,91.37,94.9,318211,0.0,1.0
2018-10-30,95.02,96.42,92.96,94.63,395768,0.0,1.0
2018-10-31,95.97,98.3,94.72,96.87,467024,0.0,1.0
2018-11-01,100.0,103.24,94.67,99.24,1021247,0.0,1.0
2018-11-02,100.36,103.35,98.79,100.49,946833,0.0,1.0
2018-11-05,100.74,102.65,100.12,102.49,461668,0.0,1.0
2018-11-06,101.92,104.39,101.46,104.25,461079,0.0,1.0
2018-11-07,105.51,108.22,104.5,107.59,572002,0.0,1.0
2018-11-08,107.35,107.82,105.59,106.11,523074,0.0,1.0
2018-11-09,106.08,106.85,104.93,106.43,634479,0.0,1.0
2018-11-12,106.1,106.1,101.5,102.42,419759,0.0,1.0
2018-11-13,103.04,103.89,101.5,101.88,284711,0.0,1.0
2018-11-14,103.07,104.45,100.84,101.77,368688,0.0,1.0
2018-11-15,100.92,101.8,99.15,101.46,352668,0.0,1.0
2018-11-16,100.56,102.75,99.94,100.6,512257,0.0,1.0
2018-11-19,101.04,101.31,96.3,96.61,370125,0.0,1.0
2018-11-20,94.87,98.06,93.41,97.22,410469,0.0,1.0
2018-11-21,97.73,99.5,96.85,98.23,252570,0.0,1.0
2018-11-23,97.55,101.87,96.68,101.31,184474,0.0,1.0
2018-11-26,102.5,104.56,101.8,104.0,427705,0.0,1.0
2018-11-27,103.0,105.5,102.56,105.03,670684,0.0,1.0
2018-11-28,106.0,111.5,105.77,111.46,690710,0.0,1.0
2018-11-29,110.01,114.54,109.7,113.88,958924,0.0,1.0
2018-11-30,115.01,119.03,114.8,116.74,1538801,0.0,1.0
2018-12-03,120.49,121.98,115.76,116.11,773063,0.0,1.0
2018-12-04,116.35,116.48,110.0,110.79,904465,0.0,1.0
2018-12-06,107.86,108.89,103.58,106.34,1163456,0.0,1.0
2018-12-07,105.36,106.33,102.0,103.07,494060,0.0,1.0
2018-12-10,103.23,105.78,100.17,104.9,716452,0.0,1.0
2018-12-11,106.1,106.76,102.87,104.0,525781,0.0,1.0
2018-12-12,105.9,106.52,104.72,105.84,423428,0.0,1.0
2018-12-13,105.87,106.41,101.86,103.51,371352,0.0,1.0
2018-12-14,102.47,103.8,97.05,99.72,646936,0.0,1.0
2018-12-17,100.11,100.24,95.29,96.21,472655,0.0,1.0
2018-12-18,96.77,97.92,94.68,96.0,475809,0.0,1.0
2018-12-19,96.37,98.42,94.44,96.05,455550,0.0,1.0
2018-12-20,95.73,96.41,90.83,93.38,545539,0.0,1.0
2018-12-21,92.92,93.49,87.34,87.45,1166236,0.0,1.0
2018-12-24,87.0,87.22,84.01,84.24,491474,0.0,1.0
2018-12-26,84.71,90.21,82.75,90.03,417889,0.0,1.0
2018-12-27,88.0,89.69,82.57,89.54,467969,0.0,1.0
2018-12-28,89.92,91.26,88.19,88.86,531558,0.0,1.0
2018-12-31,89.8,92.04,88.51,91.96,467020,0.0,1.0
2019-01-02,89.45,90.77,88.3,89.95,459202,0.0,1.0
2019-01-03,88.9,88.9,83.44,84.93,739698,0.0,1.0
2019-01-04,85.83,90.69,82.12,88.09,1078095,0.0,1.0
2019-01-07,89.28,92.48,88.16,91.41,499137,0.0,1.0
2019-01-08,92.35,94.79,91.86,94.38,512290,0.0,1.0
2019-01-09,94.59,97.07,94.57,96.26,490859,0.0,1.0
2019-01-10,95.94,97.87,95.01,97.0,387223,0.0,1.0
2019-01-11,97.01,97.39,95.95,97.12,321450,0.0,1.0
2019-01-14,96.38,96.81,95.14,95.22,261321,0.0,1.0
2019-01-15,95.27,98.82,95.01,98.39,351128,0.0,1.0
2019-01-16,98.49,100.75,98.49,99.38,453376,0.0,1.0
2019-01-17,98.95,100.99,98.71,99.88,592569,0.0,1.0
2019-01-18,100.59,102.36,99.08,101.65,249623,0.0,1.0
2019-01-22,100.13,100.98,99.05,100.16,238489,0.0,1.0
2019-01-23,100.94,102.9,99.23,100.95,305847,0.0,1.0
2019-01-24,101.02,101.6,99.2,100.71,247122,0.0,1.0
2019-01-25,101.35,102.42,100.21,101.97,295032,0.0,1.0
2019-01-28,100.9,102.45,99.78,102.14,250355,0.0,1.0
2019-01-29,102.01,102.99,101.06,102.3,239767,0.0,1.0
2019-01-30,103.32,105.54,101.22,104.83,376651,0.0,1.0
2019-01-31,104.92,106.4,103.34,105.97,243913,0.0,1.0
2019-02-01,106.27,107.66,105.3,107.31,379925,0.0,1.0
2019-02-04,107.38,108.45,106.7,108.45,229291,0.0,1.0
2019-02-05,108.4,110.04,107.54,108.15,280867,0.0,1.0
2019-02-06,108.28,108.74,106.73,108.01,275350,0.0,1.0
2019-02-07,107.53,107.53,104.61,105.84,416508,0.0,1.0
2019-02-08,105.47,106.61,103.54,106.54,543466,0.0,1.0
2019-02-11,106.98,109.6,106.85,108.89,398854,0.0,1.0
2019-02-12,109.17,111.98,108.72,110.98,510265,0.0,1.0
2019-02-13,111.34,112.76,110.49,110.73,327126,0.0,1.0
2019-02-14,109.99,112.66,109.01,112.09,322137,0.0,1.0
2019-02-15,112.66,114.46,111.97,114.21,295027,0.0,1.0
2019-02-19,113.64,114.81,113.02,113.7,411750,0.0,1.0
2019-02-20,113.92,114.65,113.52,113.9,291521,0.0,1.0
2019-02-21,113.43,114.18,111.75,111.99,303919,0.0,1.0
2019-02-22,112.45,114.3,112.03,114.13,288103,0.0,1.0
2019-02-25,114.61,115.5,113.22,113.37,400271,0.0,1.0
2019-02-26,112.56,113.21,109.8,110.48,722201,0.0,1.0
2019-02-27,110.55,112.06,109.47,111.65,864751,0.0,1.0
2019-02-28,105.5,110.24,102.05,106.98,926341,0.0,1.0
2019-03-01,108.51,109.79,106.74,108.72,658243,0.0,1.0
2019-03-04,108.92,109.78,106.73,108.57,651482,0.0,1.0
2019-03-05,108.67,109.26,107.51,107.89,470945,0.0,1.0
2019-03-06,107.86,107.86,103.53,103.91,410141,0.0,1.0
2019-03-07,104.03,104.85,101.11,101.98,473071,0.0,1.0
2019-03-08,101.0,102.71,100.73,101.85,447416,0.0,1.0
2019-03-11,102.0,103.5,101.77,102.51,521733,0.0,1.0
2019-03-12,103.21,103.28,102.04,102.87,516424,0.0,1.0
2019-03-13,103.68,104.78,103.28,103.46,924240,0.0,1.0
2019-03-14,103.35,105.01,103.35,103.88,478109,0.0,1.0
2019-03-15,104.14,105.84,104.02,104.79,724590,0.0,1.0
2019-03-18,104.99,107.01,103.67,106.71,725701,0.0,1.0
2019-03-19,107.47,109.81,107.4,109.44,902955,0.0,1.0
2019-03-20,109.21,109.39,107.29,107.72,565991,0.0,1.0
2019-03-21,107.35,109.09,106.79,108.04,508112,0.0,1.0
2019-03-22,107.49,107.66,104.22,104.28,563654,0.0,1.0
2019-03-25,104.63,106.42,103.58,106.24,438980,0.0,1.0
2019-03-26,107.37,108.77,106.8,108.02,686936,0.0,1.0
2019-03-27,107.78,108.39,104.64,105.53,414290,0.0,1.0
2019-03-28,106.34,108.39,105.16,108.21,507622,0.0,1.0
2019-03-29,108.83,110.76,108.56,110.29,562145,0.0,1.0
2019-04-01,111.29,112.18,110.48,110.97,414273,0.0,1.0
2019-04-02,111.37,111.37,109.0,110.77,388166,0.0,1.0
2019-04-03,111.51,112.12,109.98,111.02,541070,0.0,1.0
2019-04-04,111.24,111.24,106.08,107.5,488752,0.0,1.0
2019-04-05,107.74,108.53,106.96,107.38,573015,0.0,1.0
2019-04-08,107.43,107.43,105.35,107.21,434979,0.0,1.0
2019-04-09,106.59,107.74,105.28,105.54,264998,0.0,1.0
2019-04-10,106.04,106.63,105.31,105.57,366745,0.0,1.0
2019-04-11,106.2,106.2,103.28,103.8,587069,0.0,1.0
2019-04-12,104.15,104.81,100.95,101.61,571216,0.0,1.0
2019-04-15,101.61,102.53,100.44,101.05,635892,0.0,1.0
2019-04-16,101.86,102.05,97.47,98.6,610835,0.0,1.0
2019-04-17,98.59,98.59,93.63,94.13,970586,0.0,1.0
2019-04-18,94.59,95.9,93.36,94.47,627649,0.0,1.0
2019-04-22,94.14,95.63,93.24,94.3,320685,0.0,1.0
2019-04-23,94.28,97.34,93.37,95.93,1006253,0.0,1.0
2019-04-24,96.62,96.62,94.28,95.51,616361,0.0,1.0
2019-04-25,95.26,96.86,94.71,96.37,474639,0.0,1.0
2019-04-26,96.35,98.52,95.35,98.27,538692,0.0,1.0
2019-04-29,98.53,99.21,97.51,98.17,393060,0.0,1.0
2019-04-30,98.0,98.7,96.51,96.82,459842,0.0,1.0
2019-05-01,97.22,97.25,95.09,95.24,586821,0.0,1.0
2019-05-02,93.51,97.4,90.34,92.0,1513620,0.0,1.0
2019-05-03,91.81,93.51,91.22,93.38,1012897,0.0,1.0
2019-05-06,91.54,94.21,90.94,93.53,437341,0.0,1.0
2019-05-07,92.2,93.89,90.52,91.44,591246,0.0,1.0
2019-05-08,91.39,92.08,90.21,90.93,395664,0.0,1.0
2019-05-09,89.89,92.18,89.25,91.54,537739,0.0,1.0
2019-05-10,91.28,92.54,88.65,92.17,866639,0.0,1.0
2019-05-13,90.11,90.56,87.72,89.18,734014,0.0,1.0
2019-05-14,89.56,89.75,87.75,88.1,512762,0.0,1.0
2019-05-15,87.43,90.24,87.14,88.37,583011,0.0,1.0
2019-05-16,88.69,90.46,88.34,89.47,659676,0.0,1.0
2019-05-17,88.92,90.61,86.91,87.08,677926,0.0,1.0
2019-05-20,87.56,87.56,85.0,85.98,821085,0.0,1.0
2019-05-21,86.11,86.73,85.15,85.72,760558,0.0,1.0
2019-05-22,85.58,87.32,85.07,87.25,692899,0.0,1.0
2019-05-23,86.49,88.09,86.03,87.72,778736,0.0,1.0
2019-05-24,88.01,90.3,88.01,89.05,586840,0.0,1.0
2019-05-28,89.37,90.36,87.37,87.38,621541,0.0,1.0
2019-05-29,86.94,87.97,85.79,87.53,469858,0.0,1.0
2019-05-30,87.34,88.89,86.57,87.29,515408,0.0,1.0
2019-05-31,86.55,87.14,85.87,86.73,713403,0.0,1.0
2019-06-03,86.61,89.11,86.61,87.06,1095913,0.0,1.0
2019-06-04,88.02,91.97,87.81,91.86,1215052,0.0,1.0
2019-06-05,92.45,93.74,91.87,92.79,756518,0.0,1.0
2019-06-06,92.83,93.85,92.19,92.47,397121,0.0,1.0
2019-06-07,93.12,93.62,92.87,93.12,320976,0.0,1.0
2019-06-10,93.58,94.82,93.4,94.3,306131,0.0,1.0
2019-06-11,95.19,95.98,93.59,95.2,638424,0.0,1.0
2019-06-12,94.9,96.39,94.76,95.96,484063,0.0,1.0
2019-06-13,95.39,96.45,94.5,96.42,428537,0.0,1.0
2019-06-14,96.51,96.9,95.87,95.93,463195,0.0,1.0
2019-06-17,96.06,96.79,95.84,96.45,382824,0.0,1.0
2019-06-18,97.19,98.34,96.42,97.78,270186,0.0,1.0
2019-06-19,97.55,98.85,96.82,98.6,740341,0.0,1.0
2019-06-20,100.03,100.28,97.97,98.87,1309192,0.0,1.0
2019-06-21,98.81,99.48,96.34,99.05,663757,0.0,1.0
2019-06-24,99.31,99.51,98.11,98.53,729844,0.0,1.0
2019-06-25,99.21,99.76,95.51,95.96,575726,0.0,1.0
2019-06-26,96.56,96.56,93.97,94.96,673656,0.0,1.0
2019-06-27,95.44,96.51,94.6,95.95,680779,0.0,1.0
2019-06-28,96.09,99.31,95.84,99.15,1130803,0.0,1.0
2019-07-01,99.5,99.5,96.61,98.56,429302,0.0,1.0
2019-07-02,98.43,98.51,97.08,97.81,492049,0.0,1.0
2019-07-03,98.26,98.52,96.95,98.23,593998,0.0,1.0
2019-07-05,97.35,98.94,96.98,98.65,238847,0.0,1.0
2019-07-08,97.87,98.8,96.06,96.78,393990,0.0,1.0
2019-07-09,96.08,97.56,96.08,97.1,302295,0.0,1.0
2019-07-10,97.33,97.89,96.1,96.89,375006,0.0,1.0
2019-07-11,97.31,97.69,96.27,97.49,244848,0.0,1.0
2019-07-12,97.17,98.07,96.89,97.8,467183,0.0,1.0
2019-07-15,98.12,99.5,97.38,99.07,284942,0.0,1.0
2019-07-16,99.1,99.41,98.14,98.44,363729,0.0,1.0
2019-07-17,98.38,99.06,97.94,97.96,252732,0.0,1.0
2019-07-18,97.78,99.4,97.52,99.32,619961,0.0,1.0
2019-07-19,99.84,100.55,99.06,99.48,389344,0.0,1.0
2019-07-22,99.76,101.89,99.53,100.43,583734,0.0,1.0
2019-07-23,100.2,101.35,99.83,100.94,486659,0.0,1.0
2019-07-24,100.22,102.07,100.1,101.85,226161,0.0,1.0
2019-07-25,101.99,102.12,100.01,100.87,771729,0.0,1.0
2019-07-26,101.39,102.51,100.15,101.09,462023,0.0,1.0
2019-07-29,101.21,102.04,100.54,101.8,371686,0.0,1.0
2019-07-30,101.08,103.74,101.05,103.66,414456,0.0,1.0
2019-07-31,103.36,103.6,99.54,99.91,711098,0.0,1.0
2019-08-01,103.0,103.55,93.14,93.5,1594893,0.0,1.0
2019-08-02,93.31,97.15,92.16,96.76,1593492,0.0,1.0
2019-08-05,95.2,96.69,93.71,95.51,633549,0.0,1.0
2019-08-06,96.0,99.44,95.68,97.9,872120,0.0,1.0
2019-08-07,97.5,98.63,96.04,97.62,651121,0.0,1.0
2019-08-08,98.53,99.1,97.16,97.47,690940,0.0,1.0
2019-08-09,96.96,98.07,95.23,97.62,293182,0.0,1.0
2019-08-12,96.75,96.75,95.11,95.52,411411,0.0,1.0
2019-08-13,95.37,96.72,94.7,95.94,409435,0.0,1.0
2019-08-14,94.7,95.47,92.41,92.48,607393,0.0,1.0
2019-08-15,92.77,95.54,92.74,94.58,591382,0.0,1.0
2019-08-16,94.79,97.39,94.79,96.97,361348,0.0,1.0
2019-08-19,98.2,99.38,97.35,98.27,774793,0.0,1.0
2019-08-20,98.2,98.47,96.68,97.12,421998,0.0,1.0
2019-08-21,98.0,98.82,96.99,97.93,629600,0.0,1.0
2019-08-22,98.13,99.24,97.19,97.72,556787,0.0,1.0
2019-08-23,97.72,98.41,94.74,95.37,373925,0.0,1.0
2019-08-26,96.12,96.48,94.51,95.62,358505,0.0,1.0
2019-08-27,96.05,96.85,95.04,95.75,583141,0.0,1.0
2019-08-28,95.31,97.2,95.09,96.93,358987,0.0,1.0
2019-08-29,97.88,98.24,96.86,97.7,368193,0.0,1.0
2019-08-30,98.42,99.45,97.53,98.84,312341,0.0,1.0
2019-09-03,98.18,99.8,97.08,97.59,339809,0.0,1.0
2019-09-04,98.31,100.77,97.65,99.15,3428503,0.0,1.0
2019-09-05,100.24,103.36,99.38,102.92,1056427,0.0,1.0
2019-09-06,103.59,105.12,102.24,103.31,1044805,0.0,1.0
2019-09-09,103.0,103.0,99.35,100.04,574791,0.0,1.0
2019-09-10,99.68,100.83,97.66,100.44,475243,0.0,1.0
2019-09-11,100.0,102.24,96.89,101.91,546959,0.0,1.0
2019-09-12,102.4,102.67,100.68,101.85,315785,0.0,1.0
2019-09-13,103.77,105.39,103.05,103.9,426294,0.0,1.0
2019-09-16,102.95,105.46,102.54,104.84,381390,0.0,1.0
2019-09-17,104.71,105.35,103.64,105.15,324891,0.0,1.0
2019-09-18,104.47,104.73,103.52,104.41,291323,0.0,1.0
2019-09-19,106.04,107.4,104.5,104.79,338428,0.0,1.0
2019-09-20,105.26,107.23,104.88,106.65,798548,0.0,1.0
2019-09-23,105.71,106.89,104.62,105.44,348815,0.0,1.0
2019-09-24,106.16,106.3,103.0,103.41,395534,0.0,1.0
2019-09-25,103.5,104.31,101.59,103.15,240762,0.0,1.0
2019-09-26,103.15,104.52,101.52,101.79,388369,0.0,1.0
2019-09-27,102.31,102.46,97.87,98.4,668025,0.0,1.0
2019-09-30,98.53,100.56,98.28,99.23,296985,0.0,1.0
2019-10-01,99.69,99.94,95.86,96.16,295912,0.0,1.0
2019-10-02,95.15,95.15,92.13,94.38,627823,0.0,1.0
2019-10-03,94.59,97.36,92.75,96.86,333770,0.0,1.0
2019-10-04,96.95,98.79,96.83,98.58,362732,0.0,1.0
2019-10-07,98.25,99.49,97.53,98.19,288928,0.0,1.0
2019-10-08,97.08,98.1,94.35,95.08,417186,0.0,1.0
2019-10-09,95.73,97.79,95.49,96.85,431354,0.0,1.0
2019-10-10,96.52,97.0,95.03,96.31,224543,0.0,1.0
2019-10-11,97.23,99.05,96.74,96.81,295375,0.0,1.0
2019-10-14,96.88,98.0,96.38,97.11,301737,0.0,1.0
2019-10-15,97.53,98.66,96.8,97.17,311069,0.0,1.0
2019-10-16,96.82,97.49,96.16,96.79,321562,0.0,1.0
2019-10-17,97.28,99.5,97.21,99.0,391814,0.0,1.0
2019-10-18,99.07,99.97,97.73,98.49,383047,0.0,1.0
2019-10-21,99.11,99.83,96.56,96.71,339714,0.0,1.0
2019-10-22,97.02,98.19,96.23,96.29,394182,0.0,1.0
2019-10-23,96.85,98.01,95.76,95.95,483301,0.0,1.0
2019-10-24,96.57,98.07,96.26,97.5,233945,0.0,1.0
2019-10-25,97.09,99.35,97.09,98.01,326917,0.0,1.0
2019-10-28,98.78,99.52,98.36,98.42,332854,0.0,1.0
2019-10-29,98.18,100.01,97.58,99.44,487685,0.0,1.0
2019-10-30,99.87,99.89,97.64,98.86,652107,0.0,1.0
2019-10-31,101.0,102.0,94.09,97.71,1182380,0.0,1.0
2019-11-01,98.39,102.22,97.71,101.94,617818,0.0,1.0
2019-11-04,101.86,103.52,100.17,103.29,565890,0.0,1.0
2019-11-05,103.32,103.82,100.33,100.61,568120,0.0,1.0
2019-11-06,100.58,100.66,97.12,97.39,491254,0.0,1.0
2019-11-07,97.72,99.5,97.71,99.02,551597,0.0,1.0
2019-11-08,98.84,100.41,97.61,100.17,248763,0.0,1.0
2019-11-11,99.58,100.7,99.16,100.6,248639,0.0,1.0
2019-11-12,100.32,101.89,100.26,101.75,419491,0.0,1.0
2019-11-13,101.18,102.78,100.7,102.25,267336,0.0,1.0
2019-11-14,102.86,104.82,102.06,104.61,459267,0.0,1.0
2019-11-15,104.99,105.82,104.27,105.49,344552,0.0,1.0
2019-11-18,105.45,105.98,105.01,105.72,421401,0.0,1.0
2019-11-19,106.0,107.83,105.43,107.46,417363,0.0,1.0
2019-11-20,107.32,108.64,106.46,106.9,707029,0.0,1.0
2019-11-21,107.28,107.35,105.22,105.52,402922,0.0,1.0
2019-11-22,106.13,106.36,104.34,105.45,334687,0.0,1.0
2019-11-25,106.01,107.98,105.42,106.95,279305,0.0,1.0
2019-11-26,107.61,108.19,106.17,108.0,603874,0.0,1.0
2019-11-27,108.65,110.06,107.62,110.0,329572,0.0,1.0
2019-11-29,109.28,109.92,108.71,108.81,225062,0.0,1.0
2019-12-02,108.96,110.33,108.86,109.42,524877,0.0,1.0
2019-12-03,108.49,109.13,107.95,108.44,222319,0.0,1.0
2019-12-04,108.56,109.15,107.64,108.79,402216,0.0,1.0
2019-12-05,109.22,109.22,105.65,108.01,292748,0.0,1.0
2019-12-06,108.9,109.46,106.9,108.86,559272,0.0,1.0
2019-12-09,108.59,109.03,107.05,107.06,258118,0.0,1.0
2019-12-10,107.03,108.13,106.67,107.38,265233,0.0,1.0
2019-12-11,106.0,107.0,101.57,102.05,1324866,0.0,1.0
2019-12-12,102.72,104.73,102.13,103.46,856189,0.0,1.0
2019-12-13,103.37,104.4,101.33,101.63,620064,0.0,1.0
2019-12-16,102.43,104.9,102.0,104.43,793998,0.0,1.0
2019-12-17,104.41,105.6,103.67,105.45,784762,0.0,1.0
2019-12-18,105.7,107.27,105.34,107.2,735735,0.0,1.0
2019-12-19,106.31,108.97,105.91,108.61,953011,0.0,1.0
2019-12-20,109.25,110.37,108.43,109.74,1217639,0.0,1.0
2019-12-23,109.9,111.38,108.78,110.81,680225,0.0,1.0
2019-12-24,111.7,111.72,109.99,110.78,256125,0.0,1.0
2019-12-26,111.13,112.13,110.75,111.07,301317,0.0,1.0
2019-12-27,111.15,111.15,108.65,110.25,566631,0.0,1.0
2019-12-30,110.52,111.05,108.68,110.19,334072,0.0,1.0
2019-12-31,109.81,111.62,109.33,111.15,242159,0.0,1.0
2020-01-02,111.39,111.39,108.47,110.1,346718,0.0,1.0
2020-01-03,108.58,109.55,105.9,108.18,315270,0.0,1.0
2020-01-06,107.76,109.73,106.26,109.64,875347,0.0,1.0
2020-01-07,109.83,110.72,107.53,110.66,783841,0.0,1.0
2020-01-08,110.67,111.35,108.58,108.75,705375,0.0,1.0
2020-01-09,109.59,110.2,107.09,107.71,618925,0.0,1.0
2020-01-10,107.51,107.56,103.25,103.46,942587,0.0,1.0
2020-01-13,103.74,103.78,102.03,103.11,565608,0.0,1.0
2020-01-14,103.12,105.75,102.46,104.74,596226,0.0,1.0
2020-01-15,104.58,106.99,104.58,105.25,766456,0.0,1.0
2020-01-16,106.12,106.69,104.22,106.28,574473,0.0,1.0
2020-01-17,106.41,106.48,104.42,106.17,325071,0.0,1.0
2020-01-21,105.61,107.09,105.14,105.95,449592,0.0,1.0
2020-01-22,106.07,106.39,104.82,106.09,459471,0.0,1.0
2020-01-23,105.76,106.04,104.37,105.71,632638,0.0,1.0
2020-01-24,105.79,106.09,105.03,105.31,394199,0.0,1.0
2020-01-27,103.9,104.96,102.98,103.27,265248,0.0,1.0
2020-01-28,103.61,105.14,103.19,103.39,181853,0.0,1.0
2020-01-29,104.02,104.4,103.04,103.06,163018,0.0,1.0
2020-01-30,103.14,103.14,100.11,101.21,211786,0.0,1.0
2020-01-31,101.37,101.62,100.35,101.31,279118,0.0,1.0
2020-02-03,102.03,103.49,101.56,102.75,398793,0.0,1.0
2020-02-04,103.8,106.5,103.61,106.4,417448,0.0,1.0
2020-02-05,106.98,108.06,106.54,107.95,260103,0.0,1.0
2020-02-06,108.64,108.83,107.03,107.14,289360,0.0,1.0
2020-02-07,106.87,107.16,106.1,106.53,419786,0.0,1.0
2020-02-10,106.41,108.64,104.65,108.55,250752,0.0,1.0
2020-02-11,108.74,110.69,108.26,109.9,327060,0.0,1.0
2020-02-12,110.1,110.26,109.04,110.18,279176,0.0,1.0
2020-02-13,108.73,110.71,108.48,110.16,276008,0.0,1.0
2020-02-14,110.13,111.36,109.1,111.22,261314,0.0,1.0
2020-02-18,110.75,111.66,110.71,111.17,712746,0.0,1.0
2020-02-19,111.73,112.0,110.67,111.53,393519,0.0,1.0
2020-02-20,111.5,111.98,110.11,111.47,471447,0.0,1.0
2020-02-21,112.69,113.1,104.41,107.09,731974,0.0,1.0
2020-02-24,104.7,105.74,99.19,99.19,571511,0.0,1.0
2020-02-25,99.41,100.58,94.94,94.94,589567,0.0,1.0
2020-02-26,95.46,97.17,93.0,94.15,496456,0.0,1.0
2020-02-27,91.86,97.73,90.6,94.26,815269,0.0,1.0
2020-02-28,91.2,96.43,90.92,94.2,878873,0.0,1.0
2020-03-02,94.89,100.24,93.59,99.81,573549,0.0,1.0
2020-03-03,99.55,102.27,98.8,100.11,579019,0.0,1.0
2020-03-04,102.15,103.94,99.01,101.34,538635,0.0,1.0
2020-03-05,99.24,100.42,97.05,98.34,285047,0.0,1.0
2020-03-06,94.61,97.69,94.37,96.97,314383,0.0,1.0
2020-03-09,91.87,95.97,90.5,94.18,916488,0.0,1.0
2020-03-10,95.97,96.5,90.53,96.09,624778,0.0,1.0
2020-03-11,93.92,93.92,88.33,88.68,377159,0.0,1.0
2020-03-12,82.97,88.09,78.7,80.32,696614,0.0,1.0
2020-03-13,83.83,86.7,77.48,85.58,781294,0.0,1.0
2020-03-16,80.74,80.82,68.52,68.96,511134,0.0,1.0
2020-03-17,70.02,80.21,66.2,79.77,830290,0.0,1.0
2020-03-18,74.49,76.81,67.0,68.95,1085380,0.0,1.0
2020-03-19,68.59,70.1,63.0,66.96,658168,0.0,1.0
2020-03-20,67.97,71.99,66.32,67.57,956966,0.0,1.0
2020-03-23,68.58,68.58,58.67,64.14,589786,0.0,1.0
2020-03-24,67.97,73.47,67.68,71.63,658752,0.0,1.0
2020-03-25,71.01,78.27,70.6,74.19,494978,0.0,1.0
2020-03-26,74.96,81.71,74.96,79.87,595083,0.0,1.0
2020-03-27,77.05,80.92,74.25,78.51,476062,0.0,1.0
2020-03-30,78.81,84.42,77.8,83.46,339309,0.0,1.0
2020-03-31,83.0,84.98,81.08,83.04,489027,0.0,1.0
2020-04-01,79.66,81.92,75.54,76.25,346370,0.0,1.0
2020-04-02,75.51,78.26,73.04,76.25,407440,0.0,1.0
2020-04-03,75.23,77.36,71.46,72.96,716403,0.0,1.0
2020-04-06,76.27,80.87,75.88,79.12,748483,0.0,1.0
2020-04-07,82.39,84.02,79.72,81.15,461663,0.0,1.0
2020-04-08,81.19,85.05,79.15,84.41,558983,0.0,1.0
2020-04-09,85.97,89.88,85.38,89.13,374254,0.0,1.0
2020-04-13,88.78,88.78,83.52,83.89,385763,0.0,1.0
2020-04-14,85.98,88.25,85.46,87.93,394556,0.0,1.0
2020-04-15,85.72,86.38,83.73,84.0,497018,0.0,1.0
2020-04-16,83.7,86.41,83.7,85.39,476989,0.0,1.0
2020-04-17,87.9,90.14,87.5,89.7,305959,0.0,1.0
2020-04-20,88.92,91.26,88.12,89.24,371662,0.0,1.0
2020-04-21,88.04,89.6,86.59,88.07,275365,0.0,1.0
2020-04-22,89.57,91.66,88.48,90.46,228155,0.0,1.0
2020-04-23,91.24,92.11,88.24,88.32,474800,0.0,1.0
2020-04-24,89.68,89.68,86.66,87.71,532269,0.0,1.0
2020-04-27,87.97,90.24,87.51,89.39,495630,0.0,1.0
2020-04-28,90.59,91.38,88.88,90.2,388841,0.0,1.0
2020-04-29,92.14,99.45,90.7,98.7,593092,0.0,1.0
2020-04-30,97.44,99.97,95.52,96.5,443757,0.0,1.0
2020-05-01,91.66,92.98,85.92,87.36,771331,0.0,1.0
2020-05-04,86.28,88.83,85.45,86.64,510771,0.0,1.0
2020-05-05,88.22,89.63,86.69,87.06,292486,0.0,1.0
2020-05-06,87.5,88.47,86.45,86.98,197042,0.0,1.0
2020-05-07,88.21,91.05,87.95,90.33,545914,0.0,1.0
2020-05-08,91.99,91.99,89.35,90.54,407523,0.0,1.0
2020-05-11,89.74,92.32,89.46,91.69,712498,0.0,1.0
2020-05-12,91.34,91.86,86.96,87.21,878244,0.0,1.0
2020-05-13,88.28,90.58,86.86,89.94,840588,0.0,1.0
2020-05-14,86.92,91.1,86.92,90.79,643036,0.0,1.0
2020-05-15,90.32,92.28,89.71,91.99,256186,0.0,1.0
2020-05-18,96.29,96.41,94.03,94.43,451986,0.0,1.0
2020-05-19,94.2,95.08,92.23,92.24,328144,0.0,1.0
2020-05-20,93.48,96.81,91.93,96.63,278827,0.0,1.0
2020-05-21,96.96,97.48,95.67,96.69,321997,0.0,1.0
2020-05-22,97.18,97.49,95.66,97.46,192511,0.0,1.0
2020-05-26,99.76,99.97,98.04,98.32,604825,0.0,1.0
2020-05-27,99.78,101.65,97.7,101.0,445436,0.0,1.0
2020-05-28,102.1,103.38,100.53,101.87,392509,0.0,1.0
2020-05-29,101.68,103.82,100.91,103.5,277638,0.0,1.0
2020-06-01,103.0,103.88,102.11,103.3,350331,0.0,1.0
2020-06-02,103.88,106.15,102.49,105.89,441695,0.0,1.0
2020-06-03,107.15,109.98,105.96,109.5,411578,0.0,1.0
2020-06-04,108.59,109.56,107.65,108.79,434474,0.0,1.0
2020-06-05,111.18,113.32,107.66,108.25,552456,0.0,1.0
2020-06-08,108.3,111.08,108.0,109.66,327827,0.0,1.0
2020-06-09,108.43,109.44,104.02,104.26,373560,0.0,1.0
2020-06-10,104.91,104.91,102.21,102.36,460607,0.0,1.0
2020-06-11,99.71,99.98,94.34,94.73,377978,0.0,1.0
2020-06-12,97.35,99.41,91.18,94.63,559603,0.0,1.0
2020-06-15,92.65,96.71,92.34,95.76,305101,0.0,1.0
2020-06-16,99.23,99.54,96.44,97.0,423913,0.0,1.0
2020-06-17,97.8,98.5,95.26,96.0,385286,0.0,1.0
2020-06-18,94.79,98.33,94.27,97.34,439151,0.0,1.0
2020-06-19,98.51,99.17,95.94,96.89,626554,0.0,1.0
2020-06-22,96.89,97.44,94.39,95.65,298816,0.0,1.0
2020-06-23,96.94,97.3,95.21,96.96,428537,0.0,1.0
2020-06-24,96.33,97.7,90.79,94.74,434454,0.0,1.0
2020-06-25,93.46,95.52,92.34,94.1,264486,0.0,1.0
2020-06-26,95.05,95.48,93.03,94.18,832602,0.0,1.0
2020-06-29,95.02,95.68,93.18,93.95,344600,0.0,1.0
2020-06-30,93.48,97.42,93.48,97.29,257900,0.0,1.0
2020-07-01,97.33,97.94,94.11,94.92,411600,0.0,1.0
2020-07-02,96.31,96.52,94.58,95.05,313500,0.0,1.0
2020-07-06,96.32,97.96,95.28,96.05,315500,0.0,1.0
2020-07-07,95.49,96.94,95.0,95.66,235100,0.0,1.0
2020-07-08,96.06,96.48,94.18,95.41,175000,0.0,1.0
2020-07-09,95.23,95.5,93.36,94.54,264900,0.0,1.0
2020-07-10,94.85,95.4,93.12,93.45,248700,0.0,1.0
2020-07-13,94.42,97.35,93.57,93.87,271200,0.0,1.0
2020-07-14,94.3,97.07,93.0,97.07,242600,0.0,1.0
2020-07-15,99.13,101.04,98.37,100.29,235700,0.0,1.0
2020-07-16,99.95,100.74,99.02,99.78,144100,0.0,1.0
2020-07-17,99.97,102.33,99.97,101.98,161600,0.0,1.0
2020-07-20,102.53,102.53,101.0,102.29,149070,0.0,1.0
2020-07-21,102.56,104.12,101.76,102.1,258924,0.0,1.0
2020-07-22,102.48,104.74,102.48,104.69,194786,0.0,1.0
2020-07-23,104.69,106.31,103.33,103.93,239236,0.0,1.0
2020-07-24,103.76,104.03,101.66,102.5,299119,0.0,1.0
2020-07-27,103.18,106.12,102.17,106.12,148467,0.0,1.0
2020-07-28,105.99,107.99,105.59,106.38,490832,0.0,1.0
2020-07-29,106.27,108.62,106.27,107.2,205546,0.0,1.0
2020-07-30,105.98,107.39,104.16,106.75,192470,0.0,1.0
2020-07-31,106.56,106.58,104.64,106.56,252209,0.0,1.0
2020-08-03,107.49,108.5,105.85,107.97,233766,0.0,1.0
2020-08-04,108.39,108.87,106.34,106.63,249975,0.0,1.0
2020-08-05,107.8,108.94,106.53,107.97,241005,0.0,1.0
2020-08-06,108.16,109.24,106.82,108.65,319009,0.0,1.0
2020-08-07,106.37,109.52,102.8,106.61,657428,0.0,1.0
2020-08-10,104.33,106.25,104.23,104.53,357450,0.0,1.0
2020-08-11,105.95,106.39,101.26,101.38,412004,0.0,1.0
2020-08-12,102.39,105.24,101.15,104.9,271573,0.0,1.0
2020-08-13,104.36,104.52,102.88,104.15,189346,0.0,1.0
2020-08-14,103.56,103.56,100.68,101.49,265660,0.0,1.0
2020-08-17,102.13,103.39,101.17,102.12,157100,0.0,1.0
2020-08-18,102.02,103.25,101.34,103.06,285212,0.0,1.0
2020-08-19,102.96,104.64,102.62,103.23,185116,0.0,1.0
2020-08-20,102.77,103.35,101.84,102.62,201664,0.0,1.0
2020-08-21,102.92,103.18,100.87,102.64,204045,0.0,1.0
2020-08-24,102.56,103.09,101.36,101.56,134679,0.0,1.0
2020-08-25,101.72,101.97,99.82,100.49,490331,0.0,1.0
2020-08-26,100.83,103.71,99.91,103.56,374561,0.0,1.0
2020-08-27,103.64,105.07,101.89,103.95,641359,0.0,1.0
2020-08-28,104.12,104.87,103.04,104.85,165513,0.0,1.0
2020-08-31,104.31,107.93,103.25,106.91,473469,0.0,1.0
2020-09-01,106.61,107.28,105.2,106.0,239988,0.0,1.0
2020-09-02,105.92,108.03,104.44,107.64,246868,0.0,1.0
2020-09-03,107.2,107.43,100.34,101.14,216068,0.0,1.0
2020-09-04,101.43,101.43,96.62,98.78,179568,0.0,1.0
2020-09-08,97.69,99.24,96.59,97.84,311929,0.0,1.0
2020-09-09,98.84,100.4,98.54,100.18,265348,0.0,1.0
2020-09-10,100.85,103.19,99.56,101.99,384345,0.0,1.0
2020-09-11,102.88,103.88,101.39,103.32,342714,0.0,1.0
2020-09-14,104.21,106.85,104.21,106.09,237070,0.0,1.0
2020-09-15,106.99,107.86,106.43,106.58,235857,0.0,1.0
2020-09-16,107.59,107.92,103.57,103.72,270864,0.0,1.0
2020-09-17,102.47,103.62,101.51,103.11,263810,0.0,1.0
2020-09-18,103.32,103.8,101.08,102.87,807847,0.0,1.0
2020-09-21,100.75,100.99,97.88,99.99,291291,0.0,1.0
2020-09-22,100.43,100.66,97.75,99.83,352302,0.0,1.0
2020-09-23,99.38,102.28,97.85,97.95,548458,0.0,1.0
2020-09-24,97.24,97.76,94.14,96.06,217045,0.0,1.0
2020-09-25,95.39,97.41,95.07,97.29,224362,0.0,1.0
2020-09-28,98.5,99.74,96.86,99.15,145025,0.0,1.0
2020-09-29,99.55,100.28,98.08,98.28,163003,0.0,1.0
2020-09-30,98.27,101.96,97.72,101.44,391505,0.0,1.0
2020-10-01,101.28,105.5,100.2,105.11,381415,0.0,1.0
2020-10-02,103.99,106.66,101.95,105.83,484083,0.0,1.0
2020-10-05,106.62,109.19,105.1,109.08,465499,0.0,1.0
2020-10-06,109.07,109.47,106.47,108.0,298652,0.0,1.0
2020-10-07,108.69,109.78,107.72,109.28,378694,0.0,1.0
2020-10-08,109.8,110.52,108.96,109.76,150762,0.0,1.0
2020-10-09,110.7,112.05,109.18,111.5,372350,0.0,1.0
2020-10-12,112.22,112.28,110.58,111.49,576098,0.0,1.0
2020-10-13,110.7,112.83,110.7,111.85,409688,0.0,1.0
2020-10-14,112.15,113.41,111.58,111.8,327274,0.0,1.0
2020-10-15,109.4,111.56,107.15,110.65,349349,0.0,1.0
2020-10-16,111.6,113.16,109.94,110.0,251264,0.0,1.0
2020-10-19,110.58,111.2,108.17,108.36,365637,0.0,1.0
2020-10-20,109.57,111.05,109.09,109.14,389697,0.0,1.0
2020-10-21,109.81,109.98,106.59,106.71,183114,0.0,1.0
2020-10-22,106.84,110.73,106.21,110.28,231442,0.0,1.0
2020-10-23,111.06,111.06,108.77,109.93,243130,0.0,1.0
2020-10-26,109.35,109.9,106.22,106.76,153925,0.0,1.0
2020-10-27,106.31,107.09,103.34,103.5,212459,0.0,1.0
2020-10-28,101.62,102.64,99.81,99.96,191149,0.0,1.0
2020-10-29,99.29,100.49,98.23,98.72,260075,0.0,1.0
2020-10-30,98.54,99.47,95.84,97.44,259458,0.0,1.0
2020-11-02,99.25,104.21,97.85,99.52,204562,0.0,1.0
2020-11-03,101.29,104.56,101.05,103.13,175617,0.0,1.0
2020-11-04,104.32,111.47,103.4,108.97,280949,0.0,1.0
2020-11-05,113.2,118.44,111.78,113.61,517070,0.0,1.0
2020-11-06,113.7,113.7,108.91,109.1,341861,0.0,1.0
2020-11-09,114.19,115.78,111.92,112.87,484393,0.0,1.0
2020-11-10,111.91,112.52,108.38,109.28,351521,0.0,1.0
2020-11-11,110.64,110.64,106.7,107.35,363497,0.0,1.0
2020-11-12,106.79,108.15,105.6,107.86,285469,0.0,1.0
2020-11-13,108.89,110.96,108.52,110.62,178914,0.0,1.0
2020-11-16,111.29,113.86,108.83,113.67,322707,0.0,1.0
2020-11-17,112.02,112.35,109.88,112.05,164160,0.0,1.0
2020-11-18,112.04,112.48,110.08,110.15,171463,0.0,1.0
2020-11-19,109.86,111.6,108.5,111.14,170675,0.0,1.0
2020-11-20,111.01,113.91,109.64,112.24,225068,0.0,1.0
2020-11-23,112.06,112.27,110.38,111.08,161603,0.0,1.0
2020-11-24,112.44,112.44,110.43,111.08,168080,0.0,1.0
2020-11-25,110.01,111.2,109.42,110.05,181057,0.0,1.0
2020-11-27,109.88,111.45,109.44,110.99,109155,0.0,1.0
2020-11-30,110.97,112.45,110.42,112.2,287402,0.0,1.0
2020-12-01,113.35,115.0,112.86,113.28,321222,0.0,1.0
2020-12-02,113.03,113.31,111.14,111.49,248963,0.0,1.0
2020-12-03,111.66,113.92,110.27,110.78,208573,0.0,1.0
2020-12-04,110.61,113.71,110.61,113.71,107782,0.0,1.0
2020-12-07,113.37,114.3,112.02,112.48,102172,0.0,1.0
2020-12-08,112.9,114.54,112.13,114.33,165037,0.0,1.0
2020-12-09,114.63,115.52,112.97,114.44,226602,0.0,1.0
2020-12-10,114.54,116.59,113.96,115.65,345519,0.0,1.0
2020-12-11,115.1,116.1,112.88,114.56,172781,0.0,1.0
2020-12-14,116.08,118.73,115.1,115.26,223384,0.0,1.0
2020-12-15,115.81,119.24,114.75,119.05,281988,0.0,1.0
2020-12-16,118.78,119.04,116.96,118.73,260952,0.0,1.0
2020-12-17,119.59,121.61,117.42,121.38,281482,0.0,1.0
2020-12-18,122.44,124.46,120.85,122.54,720764,0.0,1.0
2020-12-21,119.67,121.33,118.16,120.84,519967,0.0,1.0
2020-12-22,121.0,122.47,119.62,122.03,407236,0.0,1.0
2020-12-23,123.06,123.66,120.52,120.82,315270,0.0,1.0
2020-12-24,121.03,121.33,119.6,121.14,92316,0.0,1.0
2020-12-28,121.68,122.82,119.83,121.4,314452,0.0,1.0
2020-12-29,122.38,122.68,119.46,121.53,191404,0.0,1.0
2020-12-30,122.25,124.86,119.96,124.1,264057,0.0,1.0
2020-12-31,124.01,126.66,122.81,125.44,289790,0.0,1.0
2021-01-04,125.78,127.5,121.56,123.43,281938,0.0,1.0
2021-01-05,123.0,126.19,121.8,123.74,300808,0.0,1.0
2021-01-06,123.03,127.24,122.03,126.82,513176,0.0,1.0
2021-01-07,127.34,129.24,126.31,128.2,180483,0.0,1.0
2021-01-08,129.14,130.35,127.44,129.88,183892,0.0,1.0
2021-01-11,129.82,130.27,128.43,129.52,207345,0.0,1.0
2021-01-12,129.49,131.0,128.37,129.04,253748,0.0,1.0
2021-01-13,129.05,130.2,127.82,129.81,251682,0.0,1.0
2021-01-14,130.74,131.97,129.14,131.11,239983,0.0,1.0
2021-01-15,130.9,131.96,130.02,130.84,319917,0.0,1.0
2021-01-19,132.01,135.45,130.72,132.93,354594,0.0,1.0
2021-01-20,134.09,136.76,132.54,136.53,301168,0.0,1.0
2021-01-21,137.54,137.88,134.49,134.66,228145,0.0,1.0
2021-01-22,133.76,134.56,130.66,132.26,342212,0.0,1.0
2021-01-25,133.07,133.39,129.08,131.38,429963,0.0,1.0
2021-01-26,132.26,132.26,127.46,128.17,290748,0.0,1.0
2021-01-27,125.88,125.88,120.75,121.86,279841,0.0,1.0
2021-01-28,123.77,126.41,122.24,125.13,266746,0.0,1.0
2021-01-29,125.16,125.5,122.13,123.24,260962,0.0,1.0
2021-02-01,125.24,126.54,122.32,124.93,272895,0.0,1.0
2021-02-02,126.9,127.29,124.42,124.49,226625,0.0,1.0
2021-02-03,124.96,127.01,120.56,122.31,217923,0.0,1.0
2021-02-04,122.34,122.56,120.5,120.83,215001,0.0,1.0
2021-02-05,122.19,122.37,120.3,121.87,210632,0.0,1.0
2021-02-08,123.69,123.69,119.9,120.9,221793,0.0,1.0
2021-02-09,120.76,122.47,120.0,120.95,317987,0.0,1.0
2021-02-10,122.09,126.34,121.02,123.29,266522,0.0,1.0
2021-02-11,123.29,127.31,123.29,126.65,283083,0.0,1.0
2021-02-12,125.86,130.25,125.86,129.52,288014,0.0,1.0
2021-02-16,129.73,130.23,126.28,126.58,337696,0.0,1.0
2021-02-17,126.25,128.7,125.24,126.9,206863,0.0,1.0
2021-02-18,126.7,127.96,125.01,125.42,292293,0.0,1.0
2021-02-19,125.76,128.01,125.37,127.73,436388,0.0,1.0
2021-02-22,127.44,127.67,125.23,127.3,295131,0.0,1.0
2021-02-23,126.37,128.46,125.65,127.73,250863,0.0,1.0
2021-02-24,147.78,155.0,147.0,151.66,7231529,0.0,1.0
2021-02-25,150.06,151.96,146.01,149.15,2088094,0.0,1.0
2021-02-26,150.82,150.82,146.99,147.41,2227684,0.0,1.0
2021-03-01,149.79,150.0,144.01,144.33,1375775,0.0,1.0
2021-03-02,144.88,145.95,142.7,142.81,2013475,0.0,1.0
2021-03-03,143.64,145.66,142.24,144.78,894858,0.0,1.0
2021-03-04,144.46,145.46,142.01,142.85,744632,0.0,1.0
2021-03-05,144.12,147.32,142.3,146.44,720893,0.0,1.0
2021-03-08,144.94,147.39,140.61,143.47,1768731,0.0,1.0
2021-03-09,144.82,147.93,144.69,146.45,893045,0.0,1.0
2021-03-10,146.73,147.32,144.8,144.86,856699,0.0,1.0
2021-03-11,145.58,146.82,145.07,145.52,2161897,0.0,1.0
2021-03-12,145.59,147.33,144.65,146.65,979715,0.0,1.0
2021-03-15,145.98,148.1,145.79,146.49,1327764,0.0,1.0
2021-03-16,147.19,147.19,145.38,146.01,660780,0.0,1.0
2021-03-17,145.63,147.53,145.63,147.14,915289,0.0,1.0
2021-03-18,146.65,148.75,146.05,147.73,487923,0.0,1.0
2021-03-19,148.65,151.26,147.36,150.05,850403,0.0,1.0
2021-03-22,149.67,150.72,148.87,149.51,500768,0.0,1.0
2021-03-23,149.07,149.76,147.66,147.8,631831,0.0,1.0
2021-03-24,148.04,149.52,147.24,148.7,876868,0.0,1.0
2021-03-25,147.97,148.69,147.3,148.05,1027179,0.0,1.0
2021-03-26,149.09,151.25,148.07,151.25,1497913,0.0,1.0
2021-03-29,150.25,153.34,149.79,152.04,520025,0.0,1.0
2021-03-30,151.91,154.53,150.91,153.76,1104651,0.0,1.0
2021-03-31,154.15,154.28,152.13,153.33,1218433,0.0,1.0
2021-04-01,151.77,157.5,151.77,156.16,1051910,0.0,1.0
2021-04-05,156.78,157.6,155.9,157.09,1071990,0.0,1.0
2021-04-06,157.11,158.26,156.66,157.44,746372,0.0,1.0
2021-04-07,157.27,157.43,155.79,157.0,693752,0.0,1.0
2021-04-08,157.36,158.35,156.78,156.92,460426,0.0,1.0
2021-04-09,157.21,157.33,156.29,156.62,414020,0.0,1.0
2021-04-12,156.03,156.45,154.64,154.9,639438,0.0,1.0
2021-04-13,154.58,156.31,154.58,156.2,548420,0.0,1.0
2021-04-14,156.36,157.84,155.6,155.91,566925,0.0,1.0
2021-04-15,156.19,162.72,156.19,161.8,1826734,0.0,1.0
2021-04-16,162.32,162.5,161.17,161.76,535101,0.0,1.0
2021-04-19,161.05,162.32,161.05,161.33,497349,0.0,1.0
2021-04-20,160.15,163.12,160.15,162.68,681606,0.0,1.0
2021-04-21,163.33,164.27,162.29,164.06,918194,0.0,1.0
2021-04-22,164.41,166.0,163.93,164.73,506972,0.0,1.0
